term,mentions,reason
亚布力,97,城市外延地点
尔滨果然是一点就透,51,主题词/情绪词
哈尔滨亲子游,26,主题词/情绪词
好想去东北,26,主题词/情绪词
本地人爱吃的店,21,主题词/情绪词
哈尔滨冰箱贴,20,商品词
哈尔滨伴手礼,18,商品词
雪乡,17,城市外延地点
东北,16,主题词/情绪词
哈尔滨研学,16,主题词/情绪词
太平机场,16,偏远交通枢纽(剔除主模型)
哈尔滨研学手册,15,主题词/情绪词
哈尔滨穿搭,15,主题词/情绪词
波波夫的店,15,主题词/情绪词
哈尔滨酒店,14,未命中白名单/非核心地理锚点
哈尔滨文创,14,商品词
亲子游,13,主题词/情绪词
731,13,未命中白名单/非核心地理锚点
这就是东北冬天的浪漫吧,12,主题词/情绪词
哈尔滨烧烤,12,未命中白名单/非核心地理锚点
条条小路都好吃,11,主题词/情绪词
哈尔滨波波夫,11,主题词/情绪词
哈尔滨咖啡店,11,未命中白名单/非核心地理锚点
文创,11,商品词
本地人推荐,11,主题词/情绪词
长白山,11,城市外延地点
东北人,10,主题词/情绪词
哈尔滨必吃,10,未命中白名单/非核心地理锚点
哈尔滨洗浴,10,未命中白名单/非核心地理锚点
哈尔滨周边游,10,未命中白名单/非核心地理锚点
甜品治愈一切,10,未命中白名单/非核心地理锚点
总要去北方看一次雪,10,未命中白名单/非核心地理锚点
哈尔滨包车,9,未命中白名单/非核心地理锚点
哈尔滨逛街,9,未命中白名单/非核心地理锚点
包车,9,未命中白名单/非核心地理锚点
去北方看雪,9,未命中白名单/非核心地理锚点
哈尔滨新店,9,未命中白名单/非核心地理锚点
小红书市集秋上新,9,未命中白名单/非核心地理锚点
哈尔滨住宿,9,主题词/情绪词
绘玩名物,9,未命中白名单/非核心地理锚点
近视墨镜,9,商品词
东北人热情,8,主题词/情绪词
大笙说精讲团,8,未命中白名单/非核心地理锚点
citywalk,8,未命中白名单/非核心地理锚点
哈尔滨包车游,8,未命中白名单/非核心地理锚点
哈尔滨景点,8,未命中白名单/非核心地理锚点
寒假去哪玩,8,未命中白名单/非核心地理锚点
雪乡到哈尔滨大巴车,7,城市外延地点
哈尔滨一日游,7,未命中白名单/非核心地理锚点
清凉龙江避暑胜地,7,未命中白名单/非核心地理锚点
木果物语,7,未命中白名单/非核心地理锚点
哈尔滨到雪乡直达班车,7,城市外延地点
哈尔滨到雪乡大巴车,7,城市外延地点
带娃看世界,7,未命中白名单/非核心地理锚点
防晒墨镜,7,商品词
哈尔滨遛娃,7,未命中白名单/非核心地理锚点
墨镜推荐,7,商品词
哈尔滨小吃,7,未命中白名单/非核心地理锚点
俄罗斯童话博物馆,7,未命中白名单/非核心地理锚点
东北菜,7,主题词/情绪词
洗浴,7,未命中白名单/非核心地理锚点
护目镜,7,未命中白名单/非核心地理锚点
哈尔滨大雪人,7,未命中白名单/非核心地理锚点
哈尔滨到雪乡拼车,7,城市外延地点
大笙说,6,未命中白名单/非核心地理锚点
童话般的浪漫,6,主题词/情绪词
滑雪,6,未命中白名单/非核心地理锚点
我爱的城市自带BGM,6,未命中白名单/非核心地理锚点
哈尔滨雪谷直通车,6,未命中白名单/非核心地理锚点
哈尔滨特色东北菜,6,主题词/情绪词
哈尔滨礼物,6,未命中白名单/非核心地理锚点
素质教育,6,未命中白名单/非核心地理锚点
尔滨,6,未命中白名单/非核心地理锚点
731遗址,6,未命中白名单/非核心地理锚点
哈尔滨到雪谷班车,6,未命中白名单/非核心地理锚点
哈尔滨本地人推荐必吃榜,6,主题词/情绪词
哈尔滨住宿推荐,6,主题词/情绪词
当地人推荐,6,主题词/情绪词
哈尔滨到雪乡直通车,6,城市外延地点
城市里的私藏秘境,6,未命中白名单/非核心地理锚点
哈尔滨KTV,6,未命中白名单/非核心地理锚点
小众但好玩的地方,6,未命中白名单/非核心地理锚点
近视墨镜套镜,6,商品词
护目镜近视,6,未命中白名单/非核心地理锚点
条条小路有好吃,6,主题词/情绪词
冰箱贴,6,商品词
秋冬配饰不重样,6,未命中白名单/非核心地理锚点
显脸小墨镜,6,商品词
哈尔滨必玩,6,未命中白名单/非核心地理锚点
哈尔滨特产,6,未命中白名单/非核心地理锚点
近视护目镜,6,未命中白名单/非核心地理锚点
伊春,6,未命中白名单/非核心地理锚点
墨镜近视套镜,6,商品词
地球村食评人大赛,6,未命中白名单/非核心地理锚点
追一场北国的雪,6,未命中白名单/非核心地理锚点
哈尔滨本地人推荐,6,主题词/情绪词
哈尔滨酒店推荐,6,主题词/情绪词
保暖口罩,5,未命中白名单/非核心地理锚点
哈尔滨文旅,5,未命中白名单/非核心地理锚点
哈尔滨荔枝节,5,未命中白名单/非核心地理锚点
原创插画,5,未命中白名单/非核心地理锚点
明信片,5,未命中白名单/非核心地理锚点
来这里只干三件事,5,未命中白名单/非核心地理锚点
假装在国外,5,未命中白名单/非核心地理锚点
五一出行问活人,5,未命中白名单/非核心地理锚点
不敢想象这有多好吃,5,主题词/情绪词
假期去哪玩,5,未命中白名单/非核心地理锚点
遛娃好去处,5,未命中白名单/非核心地理锚点
汗蒸洗浴,5,未命中白名单/非核心地理锚点
哈尔滨雪乡直通车,5,城市外延地点
治愈系公园,5,未命中白名单/非核心地理锚点
酒店推荐,5,主题词/情绪词
哈尔滨必吃铁锅炖,5,未命中白名单/非核心地理锚点
哈尔滨正宗俄餐推荐,5,主题词/情绪词
哈尔滨特色烧烤推荐,5,主题词/情绪词
莫奈花园,5,未命中白名单/非核心地理锚点
哈尔滨烤肉,5,未命中白名单/非核心地理锚点
雪乡到哈尔滨最晚班车,5,城市外延地点
江上城堡,5,未命中白名单/非核心地理锚点
交换春天,5,未命中白名单/非核心地理锚点
哈尔滨必吃榜,5,未命中白名单/非核心地理锚点
哈工大研学,5,主题词/情绪词
逛街好去处,5,未命中白名单/非核心地理锚点
放松好去处,5,未命中白名单/非核心地理锚点
冬天就要去东北,5,主题词/情绪词
徒步丈量世界,4,未命中白名单/非核心地理锚点
平价墨镜,4,商品词
墨镜女推荐,4,商品词
墨镜一带谁也不爱,4,商品词
高质量遛娃,4,未命中白名单/非核心地理锚点
哈尔滨ppt,4,未命中白名单/非核心地理锚点
本地人都在吃,4,未命中白名单/非核心地理锚点
宝藏小店,4,未命中白名单/非核心地理锚点
ppt,4,未命中白名单/非核心地理锚点
城市周边游,4,未命中白名单/非核心地理锚点
哈尔滨出差,4,未命中白名单/非核心地理锚点
亲子研学,4,主题词/情绪词
雪谷到哈尔滨大巴车,4,未命中白名单/非核心地理锚点
哈工大讲解,4,未命中白名单/非核心地理锚点
五一出游,4,未命中白名单/非核心地理锚点
哈尔滨咖啡地图,4,未命中白名单/非核心地理锚点
假装自己在国外,4,未命中白名单/非核心地理锚点
KTV,4,未命中白名单/非核心地理锚点
哈尔滨夏天,4,未命中白名单/非核心地理锚点
哈尔滨定制游,4,未命中白名单/非核心地理锚点
人文景点分享,4,未命中白名单/非核心地理锚点
城市,4,未命中白名单/非核心地理锚点
哈尔滨滑雪,4,未命中白名单/非核心地理锚点
费尔岛毛衣,4,未命中白名单/非核心地理锚点
发现城市好去处,4,未命中白名单/非核心地理锚点
精致显贵配饰搭子,4,未命中白名单/非核心地理锚点
纪念品,4,未命中白名单/非核心地理锚点
保暖裤,4,未命中白名单/非核心地理锚点
神裤,4,未命中白名单/非核心地理锚点
浅秋系本命饰品,4,未命中白名单/非核心地理锚点
冬天去哪儿,4,未命中白名单/非核心地理锚点
哈尔滨避暑,4,未命中白名单/非核心地理锚点
老式过冬指南,4,未命中白名单/非核心地理锚点
显瘦裤子,4,未命中白名单/非核心地理锚点
骑行眼镜,4,未命中白名单/非核心地理锚点
避开人潮去这里,4,未命中白名单/非核心地理锚点
十三载荔枝节,4,未命中白名单/非核心地理锚点
年轻人的新型约会方式,4,未命中白名单/非核心地理锚点
徒步,4,未命中白名单/非核心地理锚点
哈尔滨,4,未命中白名单/非核心地理锚点
哈尔滨citywalk,4,未命中白名单/非核心地理锚点
哈尔滨PPT,4,未命中白名单/非核心地理锚点
日落爱好者,4,未命中白名单/非核心地理锚点
黑龙江,4,未命中白名单/非核心地理锚点
文创产品,4,商品词
茂名鲜荔,4,未命中白名单/非核心地理锚点
鲜甜冰城,4,未命中白名单/非核心地理锚点
江上城堡观光索道,4,未命中白名单/非核心地理锚点
近视眼镜,4,未命中白名单/非核心地理锚点
近视,4,未命中白名单/非核心地理锚点
有种不在国内的美,4,未命中白名单/非核心地理锚点
零下二十度的东北,4,主题词/情绪词
哈尔滨city_walk,4,未命中白名单/非核心地理锚点
爬山穿搭,4,主题词/情绪词
哈尔滨老建筑,4,未命中白名单/非核心地理锚点
历史建筑,4,未命中白名单/非核心地理锚点
我来这里只办一件事,4,未命中白名单/非核心地理锚点
赴一场冬日的冰雪之约,3,未命中白名单/非核心地理锚点
哈尔滨热雪奇迹,3,未命中白名单/非核心地理锚点
哈工大航天馆,3,未命中白名单/非核心地理锚点
五一去哪玩,3,未命中白名单/非核心地理锚点
哈尔滨夏季,3,未命中白名单/非核心地理锚点
哈尔滨避坑,3,未命中白名单/非核心地理锚点
端午节,3,未命中白名单/非核心地理锚点
一个人也可以去很多地方,3,未命中白名单/非核心地理锚点
冬季穿搭,3,主题词/情绪词
童话里的冰雪世界找到了,3,未命中白名单/非核心地理锚点
哈尔滨酒吧,3,未命中白名单/非核心地理锚点
一个人闲逛,3,未命中白名单/非核心地理锚点
哈尔滨商务车包车,3,未命中白名单/非核心地理锚点
哈尔滨租车公司,3,未命中白名单/非核心地理锚点
我是原创插画师,3,未命中白名单/非核心地理锚点
vlog,3,未命中白名单/非核心地理锚点
北方的冬天,3,未命中白名单/非核心地理锚点
烧烤,3,未命中白名单/非核心地理锚点
我用画笔讲故事,3,未命中白名单/非核心地理锚点
回东北老家,3,主题词/情绪词
城市速写,3,未命中白名单/非核心地理锚点
雪人,3,未命中白名单/非核心地理锚点
文创设计,3,商品词
731罪证陈列馆,3,未命中白名单/非核心地理锚点
哈尔滨草莓音乐节,3,未命中白名单/非核心地理锚点
国庆出游配饰指南,3,未命中白名单/非核心地理锚点
马迭尔冰棍,3,未命中白名单/非核心地理锚点
免费领荔枝,3,未命中白名单/非核心地理锚点
秋冬叠戴小心机,3,未命中白名单/非核心地理锚点
索道半价,3,未命中白名单/非核心地理锚点
休闲玩乐好去处,3,未命中白名单/非核心地理锚点
放松解压好地方,3,未命中白名单/非核心地理锚点
夜场,3,未命中白名单/非核心地理锚点
城市的一百种玩法,3,未命中白名单/非核心地理锚点
洗浴中心,3,未命中白名单/非核心地理锚点
记录吧就现在,3,未命中白名单/非核心地理锚点
懒人神器,3,未命中白名单/非核心地理锚点
摄影,3,未命中白名单/非核心地理锚点
哈尔滨到雪乡班车,3,城市外延地点
大庆,3,未命中白名单/非核心地理锚点
哈尔滨去雪乡大巴车,3,城市外延地点
书影里的热烈时光,3,未命中白名单/非核心地理锚点
哈尔滨亲子研学,3,主题词/情绪词
1年1度购物狂欢,3,未命中白名单/非核心地理锚点
介绍一个小哥哥,3,未命中白名单/非核心地理锚点
年轻人的新型放松方式,3,未命中白名单/非核心地理锚点
年轻人都爱去,3,未命中白名单/非核心地理锚点
哈尔滨到雪谷直通车,3,未命中白名单/非核心地理锚点
雪谷回哈尔滨大巴车,3,未命中白名单/非核心地理锚点
哈尔滨到雪谷大巴车,3,未命中白名单/非核心地理锚点
哈尔滨去雪谷,3,未命中白名单/非核心地理锚点
哈尔滨去雪谷大巴车,3,未命中白名单/非核心地理锚点
哈尔滨到雪谷拼车,3,未命中白名单/非核心地理锚点
冬天出门必备,3,未命中白名单/非核心地理锚点
哈尔滨旅拍,3,未命中白名单/非核心地理锚点
哈尔滨介绍ppt模板,3,未命中白名单/非核心地理锚点
春晚城市图鉴,3,未命中白名单/非核心地理锚点
特种兵穷游,3,未命中白名单/非核心地理锚点
秋冬去哪玩,3,未命中白名单/非核心地理锚点
马年春节,3,未命中白名单/非核心地理锚点
笔记灵感,3,未命中白名单/非核心地理锚点
去哪儿玩儿,3,未命中白名单/非核心地理锚点
PPT模板,3,未命中白名单/非核心地理锚点
ppt模板,3,未命中白名单/非核心地理锚点
墨镜,3,商品词
哈尔滨漂亮饭,3,未命中白名单/非核心地理锚点
本地人强推,3,未命中白名单/非核心地理锚点
谁懂这一口的好吃程度啊,3,主题词/情绪词
人少好去处,3,未命中白名单/非核心地理锚点
方圆脸墨镜,3,商品词
亲子教育,3,未命中白名单/非核心地理锚点
世界潮流地图,3,未命中白名单/非核心地理锚点
加绒裤子,3,未命中白名单/非核心地理锚点
钻石海,3,未命中白名单/非核心地理锚点
口罩推荐,3,主题词/情绪词
伞兵裤,3,未命中白名单/非核心地理锚点
游乐园,3,未命中白名单/非核心地理锚点
冬季游玩的好地方,3,未命中白名单/非核心地理锚点
工装裤,3,未命中白名单/非核心地理锚点
亲子互动,3,未命中白名单/非核心地理锚点
周边游好去处,3,未命中白名单/非核心地理锚点
731陈列馆,3,未命中白名单/非核心地理锚点
铭记历史,3,未命中白名单/非核心地理锚点
适合一个人散心的景点,3,未命中白名单/非核心地理锚点
初雪的记忆,3,未命中白名单/非核心地理锚点
好物推荐,3,商品词
人生就是一场体验,3,未命中白名单/非核心地理锚点
登山,3,未命中白名单/非核心地理锚点
漂亮饭,3,未命中白名单/非核心地理锚点
登山墨镜,3,商品词
运动眼镜,3,未命中白名单/非核心地理锚点
这不是国外,3,未命中白名单/非核心地理锚点
运动眼镜近视,3,未命中白名单/非核心地理锚点
东北洗浴文化,3,主题词/情绪词
近视套镜,3,未命中白名单/非核心地理锚点
近视骑行眼镜,3,未命中白名单/非核心地理锚点
避雷,3,未命中白名单/非核心地理锚点
性价比高酒店,3,未命中白名单/非核心地理锚点
骑行,3,未命中白名单/非核心地理锚点
雪一落就美成了诗,3,未命中白名单/非核心地理锚点
寒假,3,未命中白名单/非核心地理锚点
压箱底的宝藏小店,3,未命中白名单/非核心地理锚点
每天都有值得记录的瞬间,3,未命中白名单/非核心地理锚点
给雪人一点东方震撼,3,未命中白名单/非核心地理锚点
生活美学,3,未命中白名单/非核心地理锚点
UV400墨镜,3,商品词
偏光镜片,3,未命中白名单/非核心地理锚点
哈尔滨避雷,3,未命中白名单/非核心地理锚点
春天,3,未命中白名单/非核心地理锚点
墨镜修饰脸型,3,商品词
闲逛的意义,3,未命中白名单/非核心地理锚点
秋冬饰品百搭公式,3,未命中白名单/非核心地理锚点
住宿,3,主题词/情绪词
墨镜套镜,3,商品词
年轻人聚会,3,未命中白名单/非核心地理锚点
墨镜女,3,商品词
齐齐哈尔烤肉本地人推荐,3,主题词/情绪词
墨镜怎么买,3,商品词
约会餐厅,3,未命中白名单/非核心地理锚点
值得为吃而去的小城,3,未命中白名单/非核心地理锚点
墨镜怎么选,3,商品词
墨镜搭配,3,商品词
性价比墨镜,3,商品词
护目镜套镜,3,未命中白名单/非核心地理锚点
爬山护目镜,3,未命中白名单/非核心地理锚点
眼镜党福音,3,未命中白名单/非核心地理锚点
道里菜市场,3,未命中白名单/非核心地理锚点
近视太阳镜,3,未命中白名单/非核心地理锚点
酒店,3,未命中白名单/非核心地理锚点
酒店怎么订便宜,3,未命中白名单/非核心地理锚点
哈尔滨五一去哪玩,3,未命中白名单/非核心地理锚点
哈尔滨宝藏景区波塞冬,3,未命中白名单/非核心地理锚点
本地人带你吃,3,未命中白名单/非核心地理锚点
七三一,3,未命中白名单/非核心地理锚点
延吉,3,城市外延地点
交换旅途故事,3,未命中白名单/非核心地理锚点
拍出氛围感,3,未命中白名单/非核心地理锚点
圆周旅迹,3,未命中白名单/非核心地理锚点
值得一去的博物馆,3,未命中白名单/非核心地理锚点
城市漫步,3,未命中白名单/非核心地理锚点
冬季赏雪好去处,3,未命中白名单/非核心地理锚点
冰城夏都,2,未命中白名单/非核心地理锚点
本地人推荐的餐厅,2,主题词/情绪词
好像童话世界里的城堡,2,未命中白名单/非核心地理锚点
假日citywalk,2,未命中白名单/非核心地理锚点
五一就来融创文旅撒欢吧,2,未命中白名单/非核心地理锚点
五一滑雪过假期,2,未命中白名单/非核心地理锚点
私汤,2,未命中白名单/非核心地理锚点
人生的意义,2,未命中白名单/非核心地理锚点
尔滨人的快乐乌托邦,2,未命中白名单/非核心地理锚点
融创大马戏,2,未命中白名单/非核心地理锚点
机票,2,未命中白名单/非核心地理锚点
体验派人生,2,未命中白名单/非核心地理锚点
分享我的日常,2,未命中白名单/非核心地理锚点
机票怎么买便宜,2,未命中白名单/非核心地理锚点
哈尔滨火锅,2,未命中白名单/非核心地理锚点
分享日常生活,2,未命中白名单/非核心地理锚点
第一次去KTV,2,未命中白名单/非核心地理锚点
哈尔滨包车公司,2,未命中白名单/非核心地理锚点
妆造,2,未命中白名单/非核心地理锚点
甜品爱好者的天堂,2,未命中白名单/非核心地理锚点
哈尔滨包车师傅推荐,2,主题词/情绪词
哈尔滨包车自由行,2,未命中白名单/非核心地理锚点
分享每一天,2,未命中白名单/非核心地理锚点
东北洗浴,2,主题词/情绪词
来了就不想走,2,未命中白名单/非核心地理锚点
发现宝藏酒店,2,未命中白名单/非核心地理锚点
记录我的城市,2,未命中白名单/非核心地理锚点
柚朵朵快闪店,2,未命中白名单/非核心地理锚点
我的日常,2,未命中白名单/非核心地理锚点
快乐瞬间,2,未命中白名单/非核心地理锚点
哈尔滨喜搓搓,2,未命中白名单/非核心地理锚点
雪友圈,2,未命中白名单/非核心地理锚点
休息好去处,2,未命中白名单/非核心地理锚点
放松身心的好去处,2,未命中白名单/非核心地理锚点
泡一场热烘烘的冬日汤泉,2,未命中白名单/非核心地理锚点
我的生活碎片,2,未命中白名单/非核心地理锚点
城市探险,2,未命中白名单/非核心地理锚点
放大生活的每一种小美,2,未命中白名单/非核心地理锚点
日常文案,2,未命中白名单/非核心地理锚点
春天就要上春山,2,未命中白名单/非核心地理锚点
咖啡,2,未命中白名单/非核心地理锚点
东北男孩,2,主题词/情绪词
哈尔滨民宿,2,未命中白名单/非核心地理锚点
求助,2,未命中白名单/非核心地理锚点
东北特产,2,主题词/情绪词
水上乐园,2,未命中白名单/非核心地理锚点
保暖穿搭,2,主题词/情绪词
鸳鸯峰爱情公路,2,未命中白名单/非核心地理锚点
东北人是世界上最搞笑的人,2,主题词/情绪词
哈尔滨同城,2,未命中白名单/非核心地理锚点
龙江爱情山,2,未命中白名单/非核心地理锚点
哈尔滨搭子,2,未命中白名单/非核心地理锚点
哈尔滨酒馆,2,未命中白名单/非核心地理锚点
鸳鸯峰景区,2,未命中白名单/非核心地理锚点
一站式购物体验,2,未命中白名单/非核心地理锚点
本地人推荐小吃,2,主题词/情绪词
喝酒日常,2,未命中白名单/非核心地理锚点
柚朵朵,2,未命中白名单/非核心地理锚点
街边摊小吃,2,未命中白名单/非核心地理锚点
波塞冬,2,未命中白名单/非核心地理锚点
挖掘小众购物地,2,未命中白名单/非核心地理锚点
夏季避暑圣地,2,未命中白名单/非核心地理锚点
哈尔滨下午茶,2,未命中白名单/非核心地理锚点
漫画窗,2,未命中白名单/非核心地理锚点
老味烧烤,2,未命中白名单/非核心地理锚点
这太东北了,2,主题词/情绪词
暑假亲子游,2,主题词/情绪词
城市里的绝美公园,2,未命中白名单/非核心地理锚点
哈尔滨赏花,2,未命中白名单/非核心地理锚点
春天就要逛公园,2,未命中白名单/非核心地理锚点
值得玩的地方,2,未命中白名单/非核心地理锚点
有点钱全炫嘴里,2,未命中白名单/非核心地理锚点
哈尔滨自由行,2,未命中白名单/非核心地理锚点
马来西亚,2,未命中白名单/非核心地理锚点
howto出片,2,未命中白名单/非核心地理锚点
sportcation,2,未命中白名单/非核心地理锚点
哈尔滨小众景点,2,未命中白名单/非核心地理锚点
探索世界,2,未命中白名单/非核心地理锚点
随手记录美好,2,未命中白名单/非核心地理锚点
年轻人的天堂,2,未命中白名单/非核心地理锚点
中东铁路,2,未命中白名单/非核心地理锚点
逛吃逛吃万圣节,2,未命中白名单/非核心地理锚点
性价比酒店,2,未命中白名单/非核心地理锚点
哈尔滨公园,2,未命中白名单/非核心地理锚点
仿佛在国外,2,未命中白名单/非核心地理锚点
波塞冬海岛狂欢节,2,未命中白名单/非核心地理锚点
自驾游,2,未命中白名单/非核心地理锚点
哈尔滨约拍,2,未命中白名单/非核心地理锚点
哈东万达,2,未命中白名单/非核心地理锚点
小红书可以发文件了,2,未命中白名单/非核心地理锚点
五一假期,2,未命中白名单/非核心地理锚点
氛围感餐厅,2,未命中白名单/非核心地理锚点
王的战车,2,未命中白名单/非核心地理锚点
ktv,2,未命中白名单/非核心地理锚点
扫街,2,未命中白名单/非核心地理锚点
哈尔滨约会餐厅,2,未命中白名单/非核心地理锚点
它唯一的缺点是本地限定,2,未命中白名单/非核心地理锚点
这家新餐厅是懂浪漫的,2,主题词/情绪词
公园,2,未命中白名单/非核心地理锚点
七三一部队罪证陈列馆,2,未命中白名单/非核心地理锚点
端午去哪儿玩,2,未命中白名单/非核心地理锚点
亲子研学游,2,主题词/情绪词
秋林格瓦斯,2,未命中白名单/非核心地理锚点
江上城堡超给,2,未命中白名单/非核心地理锚点
亲子酒店,2,未命中白名单/非核心地理锚点
城市代表性建筑,2,未命中白名单/非核心地理锚点
这里允许你童心未泯,2,未命中白名单/非核心地理锚点
哈尔滨夜生活,2,未命中白名单/非核心地理锚点
food,2,未命中白名单/非核心地理锚点
鹿,2,未命中白名单/非核心地理锚点
奶皮子糖葫芦,2,未命中白名单/非核心地理锚点
去过一次还想再去的城市,2,未命中白名单/非核心地理锚点
哈尔滨出发,2,未命中白名单/非核心地理锚点
美团洗浴指南,2,未命中白名单/非核心地理锚点
可以呆一下午的好地方,2,未命中白名单/非核心地理锚点
日夜潮玩乐而忘返,2,未命中白名单/非核心地理锚点
一个人出门可以干什么,2,未命中白名单/非核心地理锚点
一键播放春天,2,未命中白名单/非核心地理锚点
chinatravel,2,未命中白名单/非核心地理锚点
上海,2,未命中白名单/非核心地理锚点
小众避暑地,2,未命中白名单/非核心地理锚点
约会好去处,2,未命中白名单/非核心地理锚点
一个人出门就是跟地球约会,2,未命中白名单/非核心地理锚点
哈尔滨松北区,2,未命中白名单/非核心地理锚点
波波夫,2,主题词/情绪词
适合一个人发呆的地方,2,未命中白名单/非核心地理锚点
齐齐哈尔烤肉,2,未命中白名单/非核心地理锚点
北方的冬天有多冷,2,未命中白名单/非核心地理锚点
一起去逛博物馆,2,未命中白名单/非核心地理锚点
年轻人好去处,2,未命中白名单/非核心地理锚点
快闪,2,未命中白名单/非核心地理锚点
跟着本地人,2,未命中白名单/非核心地理锚点
海鲜,2,未命中白名单/非核心地理锚点
按摩,2,未命中白名单/非核心地理锚点
干货,2,未命中白名单/非核心地理锚点
甜品小学生,2,未命中白名单/非核心地理锚点
出片,2,未命中白名单/非核心地理锚点
howto过春天,2,未命中白名单/非核心地理锚点
薅羊毛,2,未命中白名单/非核心地理锚点
值得一去的,2,未命中白名单/非核心地理锚点
社交圈拓展,2,未命中白名单/非核心地理锚点
闲聊唠嗑搭子,2,未命中白名单/非核心地理锚点
初雪穿搭,2,主题词/情绪词
圣诞节,2,未命中白名单/非核心地理锚点
日料,2,未命中白名单/非核心地理锚点
儿童安全,2,未命中白名单/非核心地理锚点
酒吧,2,未命中白名单/非核心地理锚点
涨知识,2,未命中白名单/非核心地理锚点
好玩的KTV,2,未命中白名单/非核心地理锚点
私密空间,2,未命中白名单/非核心地理锚点
一个人的好去处,2,未命中白名单/非核心地理锚点
高端KTV哈尔滨,2,未命中白名单/非核心地理锚点
放松好地方,2,未命中白名单/非核心地理锚点
从夯到拉,2,未命中白名单/非核心地理锚点
美团,2,未命中白名单/非核心地理锚点
哈尔滨外卖,2,未命中白名单/非核心地理锚点
喜东北,2,主题词/情绪词
喜东北烧烤,2,主题词/情绪词
有趣的店铺,2,未命中白名单/非核心地理锚点
只有本地人才知道的店,2,未命中白名单/非核心地理锚点
有让人身临其境的感受,2,未命中白名单/非核心地理锚点
爆炒螺蛳粉,2,未命中白名单/非核心地理锚点
社交圈扩大,2,未命中白名单/非核心地理锚点
浪漫约会地,2,主题词/情绪词
哈尔滨西城红场,2,未命中白名单/非核心地理锚点
休闲娱乐好去处,2,未命中白名单/非核心地理锚点
减压放松首选,2,未命中白名单/非核心地理锚点
打工人认证的好吃的店,2,主题词/情绪词
一代有一代人的破烂,2,未命中白名单/非核心地理锚点
横道河子,2,未命中白名单/非核心地理锚点
神奇水果在哪里,2,未命中白名单/非核心地理锚点
适合放松的地方,2,未命中白名单/非核心地理锚点
哈尔滨宝藏小店,2,未命中白名单/非核心地理锚点
哈尔滨海鲜,2,未命中白名单/非核心地理锚点
小红书春日特派员,2,未命中白名单/非核心地理锚点
哈尔滨必玩景点,2,未命中白名单/非核心地理锚点
哈尔滨去哪玩,2,未命中白名单/非核心地理锚点
先出发再说,2,未命中白名单/非核心地理锚点
城市中心的童话森林,2,未命中白名单/非核心地理锚点
冬天玩雪好去处,2,未命中白名单/非核心地理锚点
饭搭子,2,未命中白名单/非核心地理锚点
低价机票,2,未命中白名单/非核心地理锚点
小鹿,2,未命中白名单/非核心地理锚点
25度的天然空调房,2,未命中白名单/非核心地理锚点
被大大方方支配的东北人,2,主题词/情绪词
东北夏日秘境,2,主题词/情绪词
滑雪搭子,2,未命中白名单/非核心地理锚点
是时候去冰嬉了,2,未命中白名单/非核心地理锚点
我的绘画日记,2,未命中白名单/非核心地理锚点
浪漫生活的记录者,2,主题词/情绪词
生活画家挑战赛,2,未命中白名单/非核心地理锚点
雪地里画画,2,未命中白名单/非核心地理锚点
手绘明信片,2,未命中白名单/非核心地理锚点
哈尔滨名物,2,未命中白名单/非核心地理锚点
建筑手绘,2,未命中白名单/非核心地理锚点
亚冬会,2,未命中白名单/非核心地理锚点
建筑插画,2,未命中白名单/非核心地理锚点
侵华日军第七三一部队遗址,2,未命中白名单/非核心地理锚点
行李箱推荐,2,主题词/情绪词
小红书外人节,2,未命中白名单/非核心地理锚点
历史教育,2,未命中白名单/非核心地理锚点
三明治穿搭,2,主题词/情绪词
保暖神器,2,未命中白名单/非核心地理锚点
保暖背心,2,未命中白名单/非核心地理锚点
加绒马甲,2,未命中白名单/非核心地理锚点
羊羔绒马甲,2,未命中白名单/非核心地理锚点
保暖马甲,2,未命中白名单/非核心地理锚点
电子路书,2,未命中白名单/非核心地理锚点
哈工大航天馆讲解,2,未命中白名单/非核心地理锚点
哈工大预约,2,未命中白名单/非核心地理锚点
中国雪乡,2,城市外延地点
不费妈绘本,2,未命中白名单/非核心地理锚点
亲子研学手册,2,主题词/情绪词
哈尔滨亲子活动,2,未命中白名单/非核心地理锚点
哈尔滨亲子遛娃,2,未命中白名单/非核心地理锚点
哈尔滨手账,2,未命中白名单/非核心地理锚点
哈尔滨遛娃地,2,未命中白名单/非核心地理锚点
哈尔滨到雪谷直达班车,2,未命中白名单/非核心地理锚点
哈尔滨雪谷,2,未命中白名单/非核心地理锚点
哈尔滨甜品,2,未命中白名单/非核心地理锚点
深度游,2,未命中白名单/非核心地理锚点
雪谷,2,未命中白名单/非核心地理锚点
雪谷大巴车时刻表,2,未命中白名单/非核心地理锚点
带娃涨知识,2,未命中白名单/非核心地理锚点
东北保暖,2,主题词/情绪词
防风口罩,2,未命中白名单/非核心地理锚点
一秒进入童话世界,2,未命中白名单/非核心地理锚点
哈尔滨生日餐厅,2,未命中白名单/非核心地理锚点
PPT模板分享,2,未命中白名单/非核心地理锚点
插画,2,未命中白名单/非核心地理锚点
登山护目镜,2,未命中白名单/非核心地理锚点
秋天的第一套新衣,2,未命中白名单/非核心地理锚点
通勤穿搭,2,主题词/情绪词
哈尔滨去雪乡直通车,2,城市外延地点
雪乡到哈尔滨班车,2,城市外延地点
雪乡回哈尔滨怎么坐车,2,城市外延地点
加绒冲锋裤,2,未命中白名单/非核心地理锚点
棉裤,2,未命中白名单/非核心地理锚点
大家的公园大家逛,2,未命中白名单/非核心地理锚点
研学手册,2,主题词/情绪词
玩转冰雪季,2,未命中白名单/非核心地理锚点
同城,2,未命中白名单/非核心地理锚点
黑龙江省博物馆,2,未命中白名单/非核心地理锚点
分享好书,2,未命中白名单/非核心地理锚点
我的私人书单,2,未命中白名单/非核心地理锚点
散文,2,未命中白名单/非核心地理锚点
文学,2,未命中白名单/非核心地理锚点
护眼角口罩,2,未命中白名单/非核心地理锚点
冲锋裤,2,未命中白名单/非核心地理锚点
加绒工装裤,2,未命中白名单/非核心地理锚点
防风裤,2,未命中白名单/非核心地理锚点
冬天就要保暖,2,未命中白名单/非核心地理锚点
城市介绍PPT,2,未命中白名单/非核心地理锚点
避坑指南,2,未命中白名单/非核心地理锚点
保暖手套,2,未命中白名单/非核心地理锚点
手套推荐,2,主题词/情绪词
滑雪手套,2,未命中白名单/非核心地理锚点
哈尔滨丁香人才周,2,未命中白名单/非核心地理锚点
行李箱收纳,2,未命中白名单/非核心地理锚点
澳绒口罩,2,未命中白名单/非核心地理锚点
省妈神器,2,未命中白名单/非核心地理锚点
写真,2,未命中白名单/非核心地理锚点
贝儿公主,2,未命中白名单/非核心地理锚点
小红书山友节,2,未命中白名单/非核心地理锚点
露营穿搭,2,主题词/情绪词
加绒裤子推荐女,2,主题词/情绪词
工装裤女,2,未命中白名单/非核心地理锚点
工装裤穿搭秋冬,2,主题词/情绪词
登山裤,2,未命中白名单/非核心地理锚点
秋冬裤子,2,未命中白名单/非核心地理锚点
通勤穿搭秋冬,2,主题词/情绪词
生日礼物,2,未命中白名单/非核心地理锚点
春晚,2,未命中白名单/非核心地理锚点
东方美学,2,未命中白名单/非核心地理锚点
墨镜偏光和非偏光,2,商品词
我的长期主义饰品,2,未命中白名单/非核心地理锚点
秋冬ootd心机搭,2,未命中白名单/非核心地理锚点
这饰我的菜,2,未命中白名单/非核心地理锚点
高颜值墨镜,2,商品词
亲子游学,2,主题词/情绪词
哈尔滨保暖,2,未命中白名单/非核心地理锚点
新春市集,2,未命中白名单/非核心地理锚点
哈尔滨保暖装备,2,未命中白名单/非核心地理锚点
我的保暖秘诀,2,未命中白名单/非核心地理锚点
平价酒店,2,未命中白名单/非核心地理锚点
必吃榜,2,未命中白名单/非核心地理锚点
哈尔滨好玩的地方,2,未命中白名单/非核心地理锚点
冰城哈尔滨,2,未命中白名单/非核心地理锚点
便宜订酒店,2,未命中白名单/非核心地理锚点
哪个APP订酒店便宜,2,未命中白名单/非核心地理锚点
暑期反向游,2,未命中白名单/非核心地理锚点
哈尔滨杀猪菜,2,未命中白名单/非核心地理锚点
哈尔滨铁锅炖,2,未命中白名单/非核心地理锚点
经济型酒店,2,未命中白名单/非核心地理锚点
ourspring,2,未命中白名单/非核心地理锚点
哈尔滨五一,2,未命中白名单/非核心地理锚点
一家人适合游玩地,2,未命中白名单/非核心地理锚点
出游好去处,2,未命中白名单/非核心地理锚点
外出游玩好地方,2,未命中白名单/非核心地理锚点
第一次来哈尔滨怎么玩,2,未命中白名单/非核心地理锚点
哈尔滨快乐专加,2,未命中白名单/非核心地理锚点
跟本地人吃就对了,2,未命中白名单/非核心地理锚点
下班去哪玩,2,未命中白名单/非核心地理锚点
太美了,1,未命中白名单/非核心地理锚点
哈尔滨喝酒,1,未命中白名单/非核心地理锚点
夜生活开始嗨起来,1,未命中白名单/非核心地理锚点
夜生活新体验,1,未命中白名单/非核心地理锚点
夜生活模式开启,1,未命中白名单/非核心地理锚点
大型蹦迪现场,1,未命中白名单/非核心地理锚点
年轻人的聚会空间,1,未命中白名单/非核心地理锚点
酒吧天花板,1,未命中白名单/非核心地理锚点
夜生活必备,1,未命中白名单/非核心地理锚点
哈尔滨小龙虾,1,未命中白名单/非核心地理锚点
小龙虾,1,未命中白名单/非核心地理锚点
蜡笔小新主题餐厅,1,未命中白名单/非核心地理锚点
带上这个以防万一,1,未命中白名单/非核心地理锚点
夜宵好去处,1,未命中白名单/非核心地理锚点
小龙虾自由的季节,1,未命中白名单/非核心地理锚点
撸串,1,未命中白名单/非核心地理锚点
泡汤,1,未命中白名单/非核心地理锚点
东三省包车,1,未命中白名单/非核心地理锚点
哈尔滨地接,1,未命中白名单/非核心地理锚点
哈尔滨接送站,1,未命中白名单/非核心地理锚点
私人出行用车,1,未命中白名单/非核心地理锚点
日新和牛汉堡,1,未命中白名单/非核心地理锚点
本地人常去,1,未命中白名单/非核心地理锚点
这条街我要从头炫到尾,1,未命中白名单/非核心地理锚点
人人都有收藏癖,1,未命中白名单/非核心地理锚点
北烤贝,1,未命中白名单/非核心地理锚点
哈尔滨烤海鲜,1,未命中白名单/非核心地理锚点
本地人推荐的宝藏店铺,1,主题词/情绪词
云南米线,1,未命中白名单/非核心地理锚点
云阿蛮云南生烫牛肉米线,1,未命中白名单/非核心地理锚点
云阿蛮生烫米线,1,未命中白名单/非核心地理锚点
吃米线就来云阿蛮,1,未命中白名单/非核心地理锚点
今天不一样,1,未命中白名单/非核心地理锚点
假期愉快,1,未命中白名单/非核心地理锚点
吃吃喝喝美美,1,未命中白名单/非核心地理锚点
爱你的人会把你拍的很好看,1,未命中白名单/非核心地理锚点
吊炉烧烤,1,未命中白名单/非核心地理锚点
本地人爱吃的餐厅,1,主题词/情绪词
五一去哪,1,未命中白名单/非核心地理锚点
哈尔滨五一去哪,1,未命中白名单/非核心地理锚点
哈尔滨融创乐园,1,未命中白名单/非核心地理锚点
哈尔滨冬季游,1,未命中白名单/非核心地理锚点
哈尔滨包车一天多少钱,1,未命中白名单/非核心地理锚点
哈尔滨包车带司机,1,未命中白名单/非核心地理锚点
哈尔滨埃尔法包车,1,未命中白名单/非核心地理锚点
赵九记重庆老火锅,1,未命中白名单/非核心地理锚点
哈尔滨夜宵,1,未命中白名单/非核心地理锚点
哈尔滨必吃烧烤,1,未命中白名单/非核心地理锚点
超好吃的烧烤店,1,主题词/情绪词
糖水铺,1,未命中白名单/非核心地理锚点
萍姐免费甜品,1,未命中白名单/非核心地理锚点
核桃碳烤肉,1,未命中白名单/非核心地理锚点
洗浴汗蒸,1,未命中白名单/非核心地理锚点
merrytrip,1,未命中白名单/非核心地理锚点
哈尔滨写真,1,未命中白名单/非核心地理锚点
延边烧烤木兰街店,1,未命中白名单/非核心地理锚点
喜搓搓,1,未命中白名单/非核心地理锚点
哈尔滨内向,1,未命中白名单/非核心地理锚点
哈尔滨内向推拿,1,未命中白名单/非核心地理锚点
哈尔滨推拿按摩,1,未命中白名单/非核心地理锚点
按摩放松解压,1,未命中白名单/非核心地理锚点
足浴养生,1,未命中白名单/非核心地理锚点
足疗按摩,1,未命中白名单/非核心地理锚点
哈尔滨第一顿,1,未命中白名单/非核心地理锚点
东北菜真香,1,主题词/情绪词
浪味仙同款,1,未命中白名单/非核心地理锚点
哈尔滨蒸饺烧麦,1,未命中白名单/非核心地理锚点
哈尔滨小吃街,1,未命中白名单/非核心地理锚点
家庭游,1,未命中白名单/非核心地理锚点
路边小吃摊,1,未命中白名单/非核心地理锚点
路边摊的人间烟火气,1,未命中白名单/非核心地理锚点
反季出游,1,未命中白名单/非核心地理锚点
逛吃逛吃,1,未命中白名单/非核心地理锚点
法式花园,1,未命中白名单/非核心地理锚点
童话博物馆,1,未命中白名单/非核心地理锚点
哈尔滨大江户汤池,1,未命中白名单/非核心地理锚点
哈尔滨大江户群力店,1,未命中白名单/非核心地理锚点
槟城人,1,未命中白名单/非核心地理锚点
cos团建,1,未命中白名单/非核心地理锚点
万有隐力探索次元,1,未命中白名单/非核心地理锚点
世界是一个巨大的二次元,1,未命中白名单/非核心地理锚点
二次元是现实的魔法,1,未命中白名单/非核心地理锚点
二次元看见世界,1,未命中白名单/非核心地理锚点
吃谷好去处,1,未命中白名单/非核心地理锚点
次元聚集地,1,未命中白名单/非核心地理锚点
线下活动,1,未命中白名单/非核心地理锚点
跨次元主理人,1,未命中白名单/非核心地理锚点
宝藏零食,1,未命中白名单/非核心地理锚点
六一出游,1,未命中白名单/非核心地理锚点
人挤人挤人挤人,1,未命中白名单/非核心地理锚点
人人人到处都是人,1,未命中白名单/非核心地理锚点
分享我眼中的世界,1,未命中白名单/非核心地理锚点
城市氛围感,1,未命中白名单/非核心地理锚点
城市的角落,1,未命中白名单/非核心地理锚点
城市的记忆,1,未命中白名单/非核心地理锚点
我的城市下,1,未命中白名单/非核心地理锚点
换个高度看尔滨,1,未命中白名单/非核心地理锚点
记忆中的城市,1,未命中白名单/非核心地理锚点
冬天的第一张照片,1,未命中白名单/非核心地理锚点
用一张照片开始这个冬天,1,未命中白名单/非核心地理锚点
这个冬不怕冷,1,未命中白名单/非核心地理锚点
想念去年冬天,1,未命中白名单/非核心地理锚点
哈尔滨地公园,1,未命中白名单/非核心地理锚点
DanceON时刻,1,未命中白名单/非核心地理锚点
supermiami酒吧,1,未命中白名单/非核心地理锚点
打造品质夜生活,1,未命中白名单/非核心地理锚点
新潮玩氛围燃爆,1,未命中白名单/非核心地理锚点
超酷的LIVE现场,1,未命中白名单/非核心地理锚点
哈尔滨supermiami,1,未命中白名单/非核心地理锚点
避暑,1,未命中白名单/非核心地理锚点
哈尔滨沙尘暴天气,1,未命中白名单/非核心地理锚点
嫣泞,1,未命中白名单/非核心地理锚点
愿山河无恙人间皆安,1,未命中白名单/非核心地理锚点
自行避雷🦐别来,1,未命中白名单/非核心地理锚点
诗沅,1,未命中白名单/非核心地理锚点
一起出去玩呀,1,未命中白名单/非核心地理锚点
光与夜之恋音乐会二期,1,未命中白名单/非核心地理锚点
蹲一个搭子,1,未命中白名单/非核心地理锚点
好吓人,1,未命中白名单/非核心地理锚点
恶劣天气,1,未命中白名单/非核心地理锚点
北京出发,1,未命中白名单/非核心地理锚点
五彩斑斓的蓝,1,未命中白名单/非核心地理锚点
摩洛哥蓝色小镇,1,未命中白名单/非核心地理锚点
体验感极佳,1,未命中白名单/非核心地理锚点
哈尔滨按摩,1,未命中白名单/非核心地理锚点
我的快乐来源,1,未命中白名单/非核心地理锚点
烟火气,1,未命中白名单/非核心地理锚点
这一口的含金量谁懂啊,1,未命中白名单/非核心地理锚点
哈尔滨自驾,1,未命中白名单/非核心地理锚点
小兴安岭,1,未命中白名单/非核心地理锚点
万圣节,1,未命中白名单/非核心地理锚点
万圣节活动,1,未命中白名单/非核心地理锚点
万圣节穿搭,1,主题词/情绪词
万圣节装饰,1,未命中白名单/非核心地理锚点
cos,1,未命中白名单/非核心地理锚点
育儿,1,未命中白名单/非核心地理锚点
五大连池,1,未命中白名单/非核心地理锚点
可以呆一整天的地方,1,未命中白名单/非核心地理锚点
街景随拍,1,未命中白名单/非核心地理锚点
抽象,1,未命中白名单/非核心地理锚点
果然还是大城市机会多,1,未命中白名单/非核心地理锚点
甜水,1,未命中白名单/非核心地理锚点
螺与非,1,未命中白名单/非核心地理锚点
螺蛳粉,1,未命中白名单/非核心地理锚点
洗浴界天花板,1,未命中白名单/非核心地理锚点
在夏日绿野仙踪中醉氧了,1,未命中白名单/非核心地理锚点
不敢想象这一口多好吃,1,主题词/情绪词
好吃的东西当然要分享啦,1,主题词/情绪词
开启味蕾之旅,1,未命中白名单/非核心地理锚点
新疆菜,1,未命中白名单/非核心地理锚点
租车,1,未命中白名单/非核心地理锚点
哈尔滨新中式餐厅,1,未命中白名单/非核心地理锚点
哈尔滨观江餐厅,1,未命中白名单/非核心地理锚点
氛围感餐餐厅,1,未命中白名单/非核心地理锚点
绝美观景餐厅,1,未命中白名单/非核心地理锚点
冰浮体验,1,未命中白名单/非核心地理锚点
哈尔滨冰浮,1,未命中白名单/非核心地理锚点
花儿与少年,1,未命中白名单/非核心地理锚点
666,1,未命中白名单/非核心地理锚点
海南航空,1,未命中白名单/非核心地理锚点
哈尔滨购物,1,未命中白名单/非核心地理锚点
voopartyk哈尔滨,1,未命中白名单/非核心地理锚点
哈尔滨商务kty,1,未命中白名单/非核心地理锚点
哈尔滨ktv,1,未命中白名单/非核心地理锚点
博物馆,1,未命中白名单/非核心地理锚点
colorwalk,1,未命中白名单/非核心地理锚点
发现城市之美,1,未命中白名单/非核心地理锚点
城市的第一印象,1,未命中白名单/非核心地理锚点
走过的城市,1,未命中白名单/非核心地理锚点
日常,1,未命中白名单/非核心地理锚点
热雪奇迹,1,未命中白名单/非核心地理锚点
事业单位面试,1,未命中白名单/非核心地理锚点
人才引进面试,1,未命中白名单/非核心地理锚点
公考面试热点,1,未命中白名单/非核心地理锚点
时事热点,1,未命中白名单/非核心地理锚点
热点新闻事件,1,未命中白名单/非核心地理锚点
省考,1,未命中白名单/非核心地理锚点
省考面试,1,未命中白名单/非核心地理锚点
结构化面试,1,未命中白名单/非核心地理锚点
面试技巧,1,未命中白名单/非核心地理锚点
面试题,1,未命中白名单/非核心地理锚点
黑龙江事业单位面试,1,未命中白名单/非核心地理锚点
黑龙江省考面试,1,未命中白名单/非核心地理锚点
公务员面试,1,未命中白名单/非核心地理锚点
china,1,未命中白名单/非核心地理锚点
foreigner,1,未命中白名单/非核心地理锚点
fyp,1,未命中白名单/非核心地理锚点
harbin,1,未命中白名单/非核心地理锚点
tiktok_refugee,1,未命中白名单/非核心地理锚点
winter,1,未命中白名单/非核心地理锚点
yabuli,1,未命中白名单/非核心地理锚点
中国,1,未命中白名单/非核心地理锚点
万千气象看龙江,1,未命中白名单/非核心地理锚点
冰雪世界龙马精神,1,未命中白名单/非核心地理锚点
准备好去冰雪世界过年了,1,未命中白名单/非核心地理锚点
来龙江玩四季,1,未命中白名单/非核心地理锚点
龙马精神研游大庆,1,未命中白名单/非核心地理锚点
我的梦中花园,1,未命中白名单/非核心地理锚点
哈不二烤肉,1,未命中白名单/非核心地理锚点
烤肉,1,未命中白名单/非核心地理锚点
精致露营,1,未命中白名单/非核心地理锚点
野餐盒子,1,未命中白名单/非核心地理锚点
露营烤肉,1,未命中白名单/非核心地理锚点
春游野餐,1,未命中白名单/非核心地理锚点
哈尔滨女摄,1,未命中白名单/非核心地理锚点
哈尔滨女摄约拍,1,未命中白名单/非核心地理锚点
氛围感人像,1,未命中白名单/非核心地理锚点
俄式西餐,1,未命中白名单/非核心地理锚点
吃个漂亮饭,1,未命中白名单/非核心地理锚点
西餐厅,1,未命中白名单/非核心地理锚点
休闲娱乐场所,1,未命中白名单/非核心地理锚点
夜生活新选择,1,未命中白名单/非核心地理锚点
年轻人娱乐,1,未命中白名单/非核心地理锚点
轰趴,1,未命中白名单/非核心地理锚点
互换特产,1,未命中白名单/非核心地理锚点
创业vlog,1,未命中白名单/非核心地理锚点
哈尔滨特产伴手礼[话题,1,商品词
地方特产,1,未命中白名单/非核心地理锚点
第一视角,1,未命中白名单/非核心地理锚点
休闲玩乐体验官,1,未命中白名单/非核心地理锚点
好玩儿的地方,1,未命中白名单/非核心地理锚点
游玩好去处,1,未命中白名单/非核心地理锚点
快乐专加落户冰城,1,未命中白名单/非核心地理锚点
床垫怎么选,1,未命中白名单/非核心地理锚点
床垫推荐,1,主题词/情绪词
环保床垫,1,未命中白名单/非核心地理锚点
酒店床垫,1,未命中白名单/非核心地理锚点
酒店严选,1,未命中白名单/非核心地理锚点
哈尔滨陪拍,1,未命中白名单/非核心地理锚点
陪拍,1,未命中白名单/非核心地理锚点
708090同城聚,1,未命中白名单/非核心地理锚点
冰城搭子群,1,未命中白名单/非核心地理锚点
哈尔滨同城搭子,1,未命中白名单/非核心地理锚点
哈尔滨搭子群,1,未命中白名单/非核心地理锚点
寻找志同道合的伙伴,1,未命中白名单/非核心地理锚点
有趣的灵魂在这里集合,1,未命中白名单/非核心地理锚点
哈尔滨的每一帧都是热爱,1,未命中白名单/非核心地理锚点
让我瞅瞅你的自游FUN韩国,1,未命中白名单/非核心地理锚点
冰城搭子,1,未命中白名单/非核心地理锚点
年轻人的社交新方式,1,未命中白名单/非核心地理锚点
松弛感社交,1,未命中白名单/非核心地理锚点
社交活动,1,未命中白名单/非核心地理锚点
一起去露营,1,未命中白名单/非核心地理锚点
跟着季节游中国,1,未命中白名单/非核心地理锚点
跨年去哪儿玩,1,未命中白名单/非核心地理锚点
哈尔滨松雷,1,未命中白名单/非核心地理锚点
松雷南岗店,1,未命中白名单/非核心地理锚点
冬天穿什么,1,未命中白名单/非核心地理锚点
哈尔滨私汤spa,1,未命中白名单/非核心地理锚点
放松解压好去处通,1,未命中白名单/非核心地理锚点
氛围感泡澡,1,未命中白名单/非核心地理锚点
沉浸式感官体验,1,未命中白名单/非核心地理锚点
沉浸式泡澡,1,未命中白名单/非核心地理锚点
花瓣浴自由,1,未命中白名单/非核心地理锚点
接机,1,未命中白名单/非核心地理锚点
接送机,1,未命中白名单/非核心地理锚点
接送机服务,1,未命中白名单/非核心地理锚点
哈尔滨大列巴,1,未命中白名单/非核心地理锚点
奥西娅,1,未命中白名单/非核心地理锚点
莫斯科千层,1,未命中白名单/非核心地理锚点
减肥搭子,1,未命中白名单/非核心地理锚点
嘴角上扬做个温暖的人,1,未命中白名单/非核心地理锚点
多漂亮才算漂亮,1,未命中白名单/非核心地理锚点
我要热烈而自在,1,未命中白名单/非核心地理锚点
搭子,1,未命中白名单/非核心地理锚点
活在滤镜里,1,未命中白名单/非核心地理锚点
找个小城走走停停,1,未命中白名单/非核心地理锚点
成年人的崩溃,1,未命中白名单/非核心地理锚点
晴天,1,未命中白名单/非核心地理锚点
晴天单口喜剧,1,未命中白名单/非核心地理锚点
演出现场,1,未命中白名单/非核心地理锚点
搞笑,1,未命中白名单/非核心地理锚点
出片穿搭,1,主题词/情绪词
平价好物分享,1,商品词
显瘦穿搭,1,主题词/情绪词
台球俱乐部,1,未命中白名单/非核心地理锚点
日常生活里的快乐瞬间,1,未命中白名单/非核心地理锚点
Vlog我的一天,1,未命中白名单/非核心地理锚点
每日穿搭,1,主题词/情绪词
保密,1,未命中白名单/非核心地理锚点
接私活,1,未命中白名单/非核心地理锚点
全程绝对保密,1,未命中白名单/非核心地理锚点
影视剧取景地,1,未命中白名单/非核心地理锚点
美团景点游玩,1,未命中白名单/非核心地理锚点
美团门票,1,未命中白名单/非核心地理锚点
Playcation度假新主义,1,未命中白名单/非核心地理锚点
哈尔滨道外北十二道街,1,未命中白名单/非核心地理锚点
哈尔滨道外清真寺,1,未命中白名单/非核心地理锚点
到此一游留下美好的回忆,1,未命中白名单/非核心地理锚点
土豆有点芒,1,未命中白名单/非核心地理锚点
创造有意司,1,未命中白名单/非核心地理锚点
劳动公园,1,未命中白名单/非核心地理锚点
金平蝴蝶,1,未命中白名单/非核心地理锚点
交换一只蝴蝶,1,未命中白名单/非核心地理锚点
晚风依旧很温柔,1,未命中白名单/非核心地理锚点
蓝调时刻,1,未命中白名单/非核心地理锚点
夜空总有最大密度的蓝色,1,未命中白名单/非核心地理锚点
亲子乐园,1,未命中白名单/非核心地理锚点
假期去哪儿玩,1,未命中白名单/非核心地理锚点
来波塞冬穿越奇幻梦境,1,未命中白名单/非核心地理锚点
沉浸式游玩,1,未命中白名单/非核心地理锚点
波塞冬人鱼泡泡派对,1,未命中白名单/非核心地理锚点
非遗追年地图,1,未命中白名单/非核心地理锚点
哈尔滨淡季,1,未命中白名单/非核心地理锚点
电影里的城市,1,未命中白名单/非核心地理锚点
这夏过个懒人节,1,未命中白名单/非核心地理锚点
和浪漫约会,1,主题词/情绪词
哈尔滨情侣约会地,1,未命中白名单/非核心地理锚点
恋爱日记,1,未命中白名单/非核心地理锚点
秋林洋行俄士餐厅,1,未命中白名单/非核心地理锚点
露营地,1,未命中白名单/非核心地理锚点
你好生活超市,1,未命中白名单/非核心地理锚点
哈尔滨商场,1,未命中白名单/非核心地理锚点
哈尔滨活动,1,未命中白名单/非核心地理锚点
哈尔滨购物好去处,1,未命中白名单/非核心地理锚点
年中庆,1,未命中白名单/非核心地理锚点
年中庆薅羊毛,1,未命中白名单/非核心地理锚点
南岗松雷,1,未命中白名单/非核心地理锚点
KKN,1,未命中白名单/非核心地理锚点
KKN儿童背包,1,未命中白名单/非核心地理锚点
儿童好物,1,商品词
儿童户外穿搭,1,主题词/情绪词
儿童背包,1,未命中白名单/非核心地理锚点
宝宝出行必备,1,未命中白名单/非核心地理锚点
暑假出游,1,未命中白名单/非核心地理锚点
哈尔滨推荐,1,主题词/情绪词
人养玉三年玉养人一生,1,未命中白名单/非核心地理锚点
冰冰透透的美镯,1,未命中白名单/非核心地理锚点
哈尔滨卖手镯,1,未命中白名单/非核心地理锚点
天然玉石,1,未命中白名单/非核心地理锚点
平价手镯,1,未命中白名单/非核心地理锚点
平价玉镯,1,未命中白名单/非核心地理锚点
手镯推荐,1,主题词/情绪词
玉石,1,未命中白名单/非核心地理锚点
寻找你的生活搭子,1,未命中白名单/非核心地理锚点
小美小帅聚集地,1,未命中白名单/非核心地理锚点
拓展社交圈,1,未命中白名单/非核心地理锚点
脱单交友,1,未命中白名单/非核心地理锚点
想去哈尔滨的心达到了巅峰,1,未命中白名单/非核心地理锚点
便宜酒店,1,未命中白名单/非核心地理锚点
哈尔滨平价住宿,1,主题词/情绪词
怎么订酒店便宜,1,未命中白名单/非核心地理锚点
网红酒店,1,未命中白名单/非核心地理锚点
哈尔滨到新疆纯玩团,1,未命中白名单/非核心地理锚点
在线工作状态,1,未命中白名单/非核心地理锚点
冰雪主题酒店,1,未命中白名单/非核心地理锚点
哈尔滨平价酒店,1,未命中白名单/非核心地理锚点
哈尔滨网红酒店,1,未命中白名单/非核心地理锚点
哈尔滨酒店天花板,1,未命中白名单/非核心地理锚点
哈尔滨雪景酒店,1,未命中白名单/非核心地理锚点
商场服装店,1,未命中白名单/非核心地理锚点
然遇远方,1,未命中白名单/非核心地理锚点
逛不完根本逛不完,1,未命中白名单/非核心地理锚点
时尚聚集地,1,未命中白名单/非核心地理锚点
新加坡,1,未命中白名单/非核心地理锚点
泰国,1,未命中白名单/非核心地理锚点
哈尔滨红肠,1,未命中白名单/非核心地理锚点
排队都要吃,1,未命中白名单/非核心地理锚点
本地人扎堆的店,1,未命中白名单/非核心地理锚点
格瓦斯,1,未命中白名单/非核心地理锚点
熟食,1,未命中白名单/非核心地理锚点
出行住宿,1,主题词/情绪词
地铁周边酒店,1,未命中白名单/非核心地理锚点
家庭房,1,未命中白名单/非核心地理锚点
高铁站酒店,1,未命中白名单/非核心地理锚点
酒店情报局,1,未命中白名单/非核心地理锚点
酒店测评,1,未命中白名单/非核心地理锚点
百度地图酒店,1,未命中白名单/非核心地理锚点
亲子酒店推荐,1,主题词/情绪词
地铁旁酒店,1,未命中白名单/非核心地理锚点
家庭出行,1,未命中白名单/非核心地理锚点
酒店决赛圈,1,未命中白名单/非核心地理锚点
群力远大,1,未命中白名单/非核心地理锚点
带娃儿看世界,1,未命中白名单/非核心地理锚点
暑假出去浪,1,未命中白名单/非核心地理锚点
带娃去哪儿玩,1,未命中白名单/非核心地理锚点
哈尔滨螺蛳粉,1,未命中白名单/非核心地理锚点
螺与非螺蛳粉,1,未命中白名单/非核心地理锚点
上班不如上山,1,未命中白名单/非核心地理锚点
帽儿山一日游,1,未命中白名单/非核心地理锚点
哈尔滨奶茶,1,未命中白名单/非核心地理锚点
宝藏饮品店分享,1,未命中白名单/非核心地理锚点
本地人爱喝的店,1,未命中白名单/非核心地理锚点
椿田,1,未命中白名单/非核心地理锚点
干货分享,1,未命中白名单/非核心地理锚点
避坑,1,未命中白名单/非核心地理锚点
大兴安岭,1,未命中白名单/非核心地理锚点
喜欢每一个有阳光的日子,1,未命中白名单/非核心地理锚点
浪漫的地方,1,主题词/情绪词
一秒掉入童话世界,1,未命中白名单/非核心地理锚点
伊春包车,1,未命中白名单/非核心地理锚点
一代人有一代人的冰箱贴,1,商品词
万物皆可冰箱贴,1,商品词
三天两晚,1,未命中白名单/非核心地理锚点
交通,1,未命中白名单/非核心地理锚点
低价国内机票,1,未命中白名单/非核心地理锚点
低价机票出行,1,未命中白名单/非核心地理锚点
低价机票秘籍,1,未命中白名单/非核心地理锚点
国内热门航线,1,未命中白名单/非核心地理锚点
坐飞机,1,未命中白名单/非核心地理锚点
如何买优惠机票,1,未命中白名单/非核心地理锚点
景点,1,未命中白名单/非核心地理锚点
机票什么时间便宜,1,未命中白名单/非核心地理锚点
机票哪个平台买便宜实惠,1,未命中白名单/非核心地理锚点
机票羊毛,1,未命中白名单/非核心地理锚点
特价机票,1,未命中白名单/非核心地理锚点
穷游党,1,未命中白名单/非核心地理锚点
第一次订机票,1,未命中白名单/非核心地理锚点
订机票,1,未命中白名单/非核心地理锚点
哈尔滨避坑指南,1,未命中白名单/非核心地理锚点
哈尔滨防坑指南,1,未命中白名单/非核心地理锚点
37号对角巷,1,未命中白名单/非核心地理锚点
哈尔滨麦当劳,1,未命中白名单/非核心地理锚点
冬季东北游,1,主题词/情绪词
万粉冲刺任务,1,未命中白名单/非核心地理锚点
小众游玩路线,1,未命中白名单/非核心地理锚点
哈尔滨游乐园,1,未命中白名单/非核心地理锚点
哈尔滨小红房,1,未命中白名单/非核心地理锚点
东北烧烤,1,主题词/情绪词
citywalk哈尔滨,1,未命中白名单/非核心地理锚点
北三光头,1,未命中白名单/非核心地理锚点
古梨园,1,未命中白名单/非核心地理锚点
RED新生代创作大赛,1,未命中白名单/非核心地理锚点
一个翻薯,1,未命中白名单/非核心地理锚点
为山峰做一次创作,1,未命中白名单/非核心地理锚点
哈尔滨小众路线,1,未命中白名单/非核心地理锚点
百年建筑,1,未命中白名单/非核心地理锚点
howto城市漫游,1,未命中白名单/非核心地理锚点
howto玩转出行,1,未命中白名单/非核心地理锚点
哈尔滨航拍,1,未命中白名单/非核心地理锚点
电影感,1,未命中白名单/非核心地理锚点
航拍,1,未命中白名单/非核心地理锚点
雪国列车,1,未命中白名单/非核心地理锚点
古梨苑,1,未命中白名单/非核心地理锚点
拥抱春天的一百种方式,1,未命中白名单/非核心地理锚点
欧亚之窗,1,未命中白名单/非核心地理锚点
湘江公园,1,未命中白名单/非核心地理锚点
马家沟,1,未命中白名单/非核心地理锚点
哈尔滨带娃游,1,未命中白名单/非核心地理锚点
哈尔滨玩水推荐,1,主题词/情绪词
生活随拍,1,未命中白名单/非核心地理锚点
城市中心的天然温泉,1,未命中白名单/非核心地理锚点
走啊出去玩儿,1,未命中白名单/非核心地理锚点
遇见哈尔滨,1,未命中白名单/非核心地理锚点
万物皆可howto,1,未命中白名单/非核心地理锚点
五一去哪玩儿,1,未命中白名单/非核心地理锚点
哈尔滨小众玩法,1,未命中白名单/非核心地理锚点
哈尔滨游玩指南,1,未命中白名单/非核心地理锚点
美团外卖,1,未命中白名单/非核心地理锚点
涮火锅,1,未命中白名单/非核心地理锚点
火锅店,1,未命中白名单/非核心地理锚点
身临其境的感觉,1,未命中白名单/非核心地理锚点
森林公园,1,未命中白名单/非核心地理锚点
森林氧吧漫步,1,未命中白名单/非核心地理锚点
治愈系森林,1,未命中白名单/非核心地理锚点
城市漫游,1,未命中白名单/非核心地理锚点
游戏人生,1,未命中白名单/非核心地理锚点
diy,1,未命中白名单/非核心地理锚点
书店,1,未命中白名单/非核心地理锚点
划船,1,未命中白名单/非核心地理锚点
手作,1,未命中白名单/非核心地理锚点
暑假,1,未命中白名单/非核心地理锚点
植物园,1,未命中白名单/非核心地理锚点
花鸟鱼,1,未命中白名单/非核心地理锚点
可口香非遗老号烧烤,1,未命中白名单/非核心地理锚点
王的战车奇幻秀,1,未命中白名单/非核心地理锚点
萍姐火锅哈尔滨总店,1,未命中白名单/非核心地理锚点
本地人有问必答,1,未命中白名单/非核心地理锚点
一个人逛公园,1,未命中白名单/非核心地理锚点
在公园汲取能量,1,未命中白名单/非核心地理锚点
大自然,1,未命中白名单/非核心地理锚点
大自然的馈赠,1,未命中白名单/非核心地理锚点
树是另一种意义上的海,1,未命中白名单/非核心地理锚点
绿色,1,未命中白名单/非核心地理锚点
绿色生命力,1,未命中白名单/非核心地理锚点
一周一座山,1,未命中白名单/非核心地理锚点
东北小众秘境,1,主题词/情绪词
亲子徒步,1,未命中白名单/非核心地理锚点
爬山好去处,1,未命中白名单/非核心地理锚点
哈尔滨每周一山,1,未命中白名单/非核心地理锚点
热血国魂龙江行,1,未命中白名单/非核心地理锚点
上哪儿溜达,1,未命中白名单/非核心地理锚点
一个神奇的地方,1,未命中白名单/非核心地理锚点
给自己一点喘息的时间,1,未命中白名单/非核心地理锚点
影探游之旅,1,未命中白名单/非核心地理锚点
冬季好去处,1,未命中白名单/非核心地理锚点
夏天请停止对我烤验,1,未命中白名单/非核心地理锚点
我是兴趣小导游,1,未命中白名单/非核心地理锚点
避暑好地方,1,未命中白名单/非核心地理锚点
小红书徒步山野,1,未命中白名单/非核心地理锚点
徒步好去处,1,未命中白名单/非核心地理锚点
户外溯溪,1,未命中白名单/非核心地理锚点
户外爬山徒步,1,未命中白名单/非核心地理锚点
一日游,1,未命中白名单/非核心地理锚点
踏青,1,未命中白名单/非核心地理锚点
野餐,1,未命中白名单/非核心地理锚点
露营,1,未命中白名单/非核心地理锚点
一个人逛吃,1,未命中白名单/非核心地理锚点
小红书春节指南,1,未命中白名单/非核心地理锚点
吸氧圣地,1,未命中白名单/非核心地理锚点
小众出游地,1,未命中白名单/非核心地理锚点
丁香花,1,未命中白名单/非核心地理锚点
哈尔滨人文路线,1,未命中白名单/非核心地理锚点
哈尔滨历史建筑,1,未命中白名单/非核心地理锚点
松下G97,1,未命中白名单/非核心地理锚点
丰富业余生活,1,未命中白名单/非核心地理锚点
学习累了放松一下,1,未命中白名单/非核心地理锚点
吃了甜食会开心,1,未命中白名单/非核心地理锚点
杨草莓熊,1,未命中白名单/非核心地理锚点
冰雪公主的日常,1,未命中白名单/非核心地理锚点
爱用好物,1,商品词
盘子,1,未命中白名单/非核心地理锚点
杯子,1,未命中白名单/非核心地理锚点
小巷子拉面,1,未命中白名单/非核心地理锚点
温暖治愈,1,未命中白名单/非核心地理锚点
情侣,1,未命中白名单/非核心地理锚点
酒店爱好者,1,未命中白名单/非核心地理锚点
高品质酒店,1,未命中白名单/非核心地理锚点
找个小城市慢慢逛,1,未命中白名单/非核心地理锚点
Citywalk,1,未命中白名单/非核心地理锚点
富士直出,1,未命中白名单/非核心地理锚点
地铁挤一挤,1,未命中白名单/非核心地理锚点
留下地铁站,1,未命中白名单/非核心地理锚点
哈尔滨文化公园,1,未命中白名单/非核心地理锚点
夏日玩水,1,未命中白名单/非核心地理锚点
没有漂流的夏天是不完美的,1,未命中白名单/非核心地理锚点
漂流,1,未命中白名单/非核心地理锚点
下午好去处,1,未命中白名单/非核心地理锚点
可以待一下午的小店,1,未命中白名单/非核心地理锚点
松弛感日常,1,未命中白名单/非核心地理锚点
设计感咖啡店,1,未命中白名单/非核心地理锚点
艺术咖啡店,1,未命中白名单/非核心地理锚点
不知道吃啥,1,未命中白名单/非核心地理锚点
我要吃好吃的,1,主题词/情绪词
中国人有多爱凑热闹,1,未命中白名单/非核心地理锚点
百年老建筑,1,未命中白名单/非核心地理锚点
值得一去的景点,1,未命中白名单/非核心地理锚点
免费景点,1,未命中白名单/非核心地理锚点
冰雪邮储奇遇记,1,未命中白名单/非核心地理锚点
记录吃吃喝喝,1,未命中白名单/非核心地理锚点
甜品,1,未命中白名单/非核心地理锚点
治愈系风景,1,未命中白名单/非核心地理锚点
躺平圣地,1,未命中白名单/非核心地理锚点
发现建筑之美,1,未命中白名单/非核心地理锚点
哈尔滨大剧院,1,未命中白名单/非核心地理锚点
城市地标建筑,1,未命中白名单/非核心地理锚点
展览类建筑,1,未命中白名单/非核心地理锚点
建筑与结构美学,1,未命中白名单/非核心地理锚点
建筑景观摄影,1,未命中白名单/非核心地理锚点
建筑艺术之美,1,未命中白名单/非核心地理锚点
当代艺术与城市规划馆,1,未命中白名单/非核心地理锚点
宝藏城市,1,未命中白名单/非核心地理锚点
出门吃出圣诞氛围感,1,未命中白名单/非核心地理锚点
亭园,1,未命中白名单/非核心地理锚点
发呆地图,1,未命中白名单/非核心地理锚点
江边,1,未命中白名单/非核心地理锚点
湿地,1,未命中白名单/非核心地理锚点
湿地公园,1,未命中白名单/非核心地理锚点
凡尔赛,1,未命中白名单/非核心地理锚点
卢浮宫,1,未命中白名单/非核心地理锚点
富士,1,未命中白名单/非核心地理锚点
机位分享,1,未命中白名单/非核心地理锚点
泡澡,1,未命中白名单/非核心地理锚点
躺平好去处,1,未命中白名单/非核心地理锚点
完达山冰淇淋,1,未命中白名单/非核心地理锚点
夜游的快乐我知道,1,未命中白名单/非核心地理锚点
新年版citywalk,1,未命中白名单/非核心地理锚点
人少景美小众地,1,未命中白名单/非核心地理锚点
哈尔滨音乐长廊,1,未命中白名单/非核心地理锚点
想看看你和城堡的合影,1,未命中白名单/非核心地理锚点
夏日集市,1,未命中白名单/非核心地理锚点
反向出游,1,未命中白名单/非核心地理锚点
城市玩乐角落,1,未命中白名单/非核心地理锚点
地域血脉觉醒了,1,未命中白名单/非核心地理锚点
学府凯德,1,未命中白名单/非核心地理锚点
涮冷面,1,未命中白名单/非核心地理锚点
博士生日常,1,未命中白名单/非核心地理锚点
32坐炖涮锅,1,未命中白名单/非核心地理锚点
先炖一锅鲜再涮美上天,1,未命中白名单/非核心地理锚点
中式美学,1,未命中白名单/非核心地理锚点
不要放弃下午四点,1,未命中白名单/非核心地理锚点
全屏封神挑战,1,未命中白名单/非核心地理锚点
小红书全屏图,1,未命中白名单/非核心地理锚点
我眼中的下午四点,1,未命中白名单/非核心地理锚点
看一场海边的冰河世纪,1,未命中白名单/非核心地理锚点
碳水脑袋,1,未命中白名单/非核心地理锚点
吃货日常,1,未命中白名单/非核心地理锚点
好吃到爆,1,主题词/情绪词
日常干饭,1,未命中白名单/非核心地理锚点
椒麻葡萄鸡,1,未命中白名单/非核心地理锚点
火锅鸡,1,未命中白名单/非核心地理锚点
吃什么,1,未命中白名单/非核心地理锚点
哈尔滨韩餐,1,未命中白名单/非核心地理锚点
道理菜市场,1,未命中白名单/非核心地理锚点
互动式体验,1,未命中白名单/非核心地理锚点
哈尔滨带娃,1,未命中白名单/非核心地理锚点
哈尔滨玩什么,1,未命中白名单/非核心地理锚点
下饭神器,1,未命中白名单/非核心地理锚点
哈尔滨川菜,1,未命中白名单/非核心地理锚点
哈尔滨老店,1,未命中白名单/非核心地理锚点
哈尔滨聚餐好去处,1,未命中白名单/非核心地理锚点
城市藏了奇趣新餐厅,1,未命中白名单/非核心地理锚点
我的氛围感餐厅,1,未命中白名单/非核心地理锚点
氛围好餐厅,1,未命中白名单/非核心地理锚点
氛围感饭厅,1,未命中白名单/非核心地理锚点
这家餐厅的氛围感拉满了,1,未命中白名单/非核心地理锚点
亲子游玩好去处,1,主题词/情绪词
值得N刷的宝藏出游地,1,未命中白名单/非核心地理锚点
City,1,未命中白名单/非核心地理锚点
吃海鲜我们是认真的,1,未命中白名单/非核心地理锚点
延吉同款,1,城市外延地点
哈尔滨小众博物馆,1,未命中白名单/非核心地理锚点
城市情报员,1,未命中白名单/非核心地理锚点
春日漂亮饭,1,未命中白名单/非核心地理锚点
氛围咖啡店,1,未命中白名单/非核心地理锚点
窗外的春天,1,未命中白名单/非核心地理锚点
圣阿列克谢耶夫教堂,1,未命中白名单/非核心地理锚点
175m云端美甲,1,未命中白名单/非核心地理锚点
哈尔滨美甲,1,未命中白名单/非核心地理锚点
维斯黎美甲,1,未命中白名单/非核心地理锚点
黑龙江最高美甲店,1,未命中白名单/非核心地理锚点
哈尔滨旅居,1,未命中白名单/非核心地理锚点
中国boy,1,未命中白名单/非核心地理锚点
宝剑嫂,1,未命中白名单/非核心地理锚点
小精灵,1,未命中白名单/非核心地理锚点
绵羊料理,1,未命中白名单/非核心地理锚点
老番茄,1,未命中白名单/非核心地理锚点
雨哥到处跑,1,未命中白名单/非核心地理锚点
五一,1,未命中白名单/非核心地理锚点
夕阳,1,未命中白名单/非核心地理锚点
缆车,1,未命中白名单/非核心地理锚点
落日,1,未命中白名单/非核心地理锚点
中国人懂中国人,1,未命中白名单/非核心地理锚点
中国式浪漫,1,主题词/情绪词
总有些瞬间让人破防,1,未命中白名单/非核心地理锚点
没有风国旗却飘了,1,未命中白名单/非核心地理锚点
爱国,1,未命中白名单/非核心地理锚点
五星红旗迎风飘扬,1,未命中白名单/非核心地理锚点
避开人挤人,1,未命中白名单/非核心地理锚点
鸳鸯峰景区[poi_v2,1,未命中白名单/非核心地理锚点
哈尔滨伴手礼推荐,1,商品词
巧克力脑袋,1,未命中白名单/非核心地理锚点
亲近自然好选择,1,未命中白名单/非核心地理锚点
哈尔滨徒步,1,未命中白名单/非核心地理锚点
哈尔滨徒步群,1,未命中白名单/非核心地理锚点
园林生态园,1,未命中白名单/非核心地理锚点
哈尔滨露营,1,未命中白名单/非核心地理锚点
01:03,1,未命中白名单/非核心地理锚点
01:36,1,未命中白名单/非核心地理锚点
01:57,1,未命中白名单/非核心地理锚点
02:24,1,未命中白名单/非核心地理锚点
02:57,1,未命中白名单/非核心地理锚点
03:34,1,未命中白名单/非核心地理锚点
03:51,1,未命中白名单/非核心地理锚点
04:13,1,未命中白名单/非核心地理锚点
04:35,1,未命中白名单/非核心地理锚点
04:56,1,未命中白名单/非核心地理锚点
05:26,1,未命中白名单/非核心地理锚点
06:27,1,未命中白名单/非核心地理锚点
07:20,1,未命中白名单/非核心地理锚点
旅途同样值得被记录,1,未命中白名单/非核心地理锚点
快乐在路上,1,未命中白名单/非核心地理锚点
努力才能成为最好的自己,1,未命中白名单/非核心地理锚点
榆树,1,未命中白名单/非核心地理锚点
记录生活,1,未命中白名单/非核心地理锚点
共享办公,1,未命中白名单/非核心地理锚点
心情舒畅才是最好的养生,1,未命中白名单/非核心地理锚点
过大年逛书店读好书,1,未命中白名单/非核心地理锚点
创业者的天堂,1,未命中白名单/非核心地理锚点
哈工大航天馆预约,1,未命中白名单/非核心地理锚点
列巴,1,未命中白名单/非核心地理锚点
哈尔滨小众好物,1,商品词
巧克力控聚集地,1,未命中白名单/非核心地理锚点
按摩解压,1,未命中白名单/非核心地理锚点
放松是一种态度,1,未命中白名单/非核心地理锚点
本地人才知道,1,未命中白名单/非核心地理锚点
艺术空间,1,未命中白名单/非核心地理锚点
哈尔滨俄餐厅,1,未命中白名单/非核心地理锚点
波特曼西餐厅,1,未命中白名单/非核心地理锚点
哈尔滨博物馆,1,未命中白名单/非核心地理锚点
中秋节,1,未命中白名单/非核心地理锚点
人间菜场烟火气,1,未命中白名单/非核心地理锚点
城市中的烟火气,1,未命中白名单/非核心地理锚点
最食人间烟火气,1,未命中白名单/非核心地理锚点
菜市场里的人间烟火,1,未命中白名单/非核心地理锚点
吹爆美好目的地,1,未命中白名单/非核心地理锚点
哈尔滨融创茂,1,未命中白名单/非核心地理锚点
春饼,1,未命中白名单/非核心地理锚点
国庆出游,1,未命中白名单/非核心地理锚点
日常碎片PLOG,1,未命中白名单/非核心地理锚点
哈尔滨蛋糕,1,未命中白名单/非核心地理锚点
总要来一趟大西北吧,1,未命中白名单/非核心地理锚点
听劝,1,未命中白名单/非核心地理锚点
周边游,1,未命中白名单/非核心地理锚点
山河屯铁锅炖,1,未命中白名单/非核心地理锚点
端午节粽子,1,未命中白名单/非核心地理锚点
哈尔滨brunch,1,未命中白名单/非核心地理锚点
哈尔滨甜品店,1,未命中白名单/非核心地理锚点
哈尔滨西餐,1,未命中白名单/非核心地理锚点
哈尔滨高空下午茶,1,未命中白名单/非核心地理锚点
通向哈尔滨,1,未命中白名单/非核心地理锚点
丹顶鹤,1,未命中白名单/非核心地理锚点
扎龙自然保护区,1,未命中白名单/非核心地理锚点
2026msi,1,未命中白名单/非核心地理锚点
团签韩国,1,未命中白名单/非核心地理锚点
英雄联盟,1,未命中白名单/非核心地理锚点
团签搭子,1,未命中白名单/非核心地理锚点
哈尔滨道,1,未命中白名单/非核心地理锚点
哈尔滨冰雪文化博物馆,1,未命中白名单/非核心地理锚点
哈尔滨印象模板设计,1,未命中白名单/非核心地理锚点
哈尔滨文化之旅,1,未命中白名单/非核心地理锚点
亲子遛娃日常,1,未命中白名单/非核心地理锚点
极光,1,未命中白名单/非核心地理锚点
冬日限定浪漫,1,主题词/情绪词
哈尔滨咖啡,1,未命中白名单/非核心地理锚点
十一假期开始啦,1,未命中白名单/非核心地理锚点
东北⾃驾游,1,主题词/情绪词
亲⼦旅⾏好去处,1,未命中白名单/非核心地理锚点
冰城美⻝,1,未命中白名单/非核心地理锚点
⼀起看遇⻅哈尔滨,1,未命中白名单/非核心地理锚点
哈尔滨怎么玩,1,未命中白名单/非核心地理锚点
公路上的⻛景,1,未命中白名单/非核心地理锚点
哈尔滨旅⾏,1,未命中白名单/非核心地理锚点
美⻝旬味会,1,未命中白名单/非核心地理锚点
小红书种草,1,未命中白名单/非核心地理锚点
小红薯热门,1,未命中白名单/非核心地理锚点
哈尔滨咖啡寻宝图,1,未命中白名单/非核心地理锚点
荔枝文化节,1,未命中白名单/非核心地理锚点
吃遍一座城的烟火气,1,未命中白名单/非核心地理锚点
送娃一朵小红花,1,未命中白名单/非核心地理锚点
云南景点分布图,1,未命中白名单/非核心地理锚点
哈尔滨景点分布图,1,未命中白名单/非核心地理锚点
景点分布图,1,未命中白名单/非核心地理锚点
景点地图,1,未命中白名单/非核心地理锚点
好物,1,商品词
小红书创作灵感设计大赛,1,未命中白名单/非核心地理锚点
建筑,1,未命中白名单/非核心地理锚点
手工友好指南,1,未命中白名单/非核心地理锚点
文字卡片,1,未命中白名单/非核心地理锚点
热门,1,未命中白名单/非核心地理锚点
校园美景,1,未命中白名单/非核心地理锚点
伴喵社,1,未命中白名单/非核心地理锚点
手账控,1,未命中白名单/非核心地理锚点
文创店,1,商品词
雪乡小包团,1,城市外延地点
星空夜宴,1,未命中白名单/非核心地理锚点
六一游玩推荐,1,主题词/情绪词
高空餐厅,1,未命中白名单/非核心地理锚点
哈尔滨包车定制游,1,未命中白名单/非核心地理锚点
哈尔滨纯玩包车,1,未命中白名单/非核心地理锚点
朱孝天,1,未命中白名单/非核心地理锚点
哈尔滨纯玩跟团,1,未命中白名单/非核心地理锚点
哈尔滨小众高校,1,未命中白名单/非核心地理锚点
哈尔滨水上乐园,1,未命中白名单/非核心地理锚点
夏天去哪儿玩,1,未命中白名单/非核心地理锚点
一秒回到童年,1,未命中白名单/非核心地理锚点
五一去哪儿玩,1,未命中白名单/非核心地理锚点
速写创作,1,未命中白名单/非核心地理锚点
哈尔滨海底世界,1,未命中白名单/非核心地理锚点
2026,1,未命中白名单/非核心地理锚点
yue印悦甜,1,未命中白名单/非核心地理锚点
哈尔滨盖章,1,未命中白名单/非核心地理锚点
盖章,1,未命中白名单/非核心地理锚点
集章集戳,1,未命中白名单/非核心地理锚点
马年小马已就位,1,未命中白名单/非核心地理锚点
广州盖章,1,未命中白名单/非核心地理锚点
波塞冬乐园,1,未命中白名单/非核心地理锚点
我的春天时刻,1,未命中白名单/非核心地理锚点
老俄侨餐厅,1,未命中白名单/非核心地理锚点
哈尔滨六天五晚纯玩,1,未命中白名单/非核心地理锚点
哈尔滨雪乡六日游,1,城市外延地点
VMSTORE,1,未命中白名单/非核心地理锚点
新店开业,1,未命中白名单/非核心地理锚点
VEROMODA,1,未命中白名单/非核心地理锚点
哈尔滨游玩go,1,未命中白名单/非核心地理锚点
一年一度雪人大赛,1,未命中白名单/非核心地理锚点
一起来玩雪,1,未命中白名单/非核心地理锚点
冬天的仪式感,1,未命中白名单/非核心地理锚点
网红大雪人,1,未命中白名单/非核心地理锚点
哈尔滨必玩项目,1,未命中白名单/非核心地理锚点
雪雕,1,未命中白名单/非核心地理锚点
大雪人,1,未命中白名单/非核心地理锚点
一年一度购物狂欢,1,未命中白名单/非核心地理锚点
冬季滑雪去哪,1,未命中白名单/非核心地理锚点
活在每个被阳光晒透的瞬间,1,未命中白名单/非核心地理锚点
假日玩乐好去处,1,未命中白名单/非核心地理锚点
我的插画代表作,1,未命中白名单/非核心地理锚点
水彩插画,1,未命中白名单/非核心地理锚点
citywarm穿搭,1,主题词/情绪词
冬日穿搭,1,主题词/情绪词
我的随手拍,1,未命中白名单/非核心地理锚点
给冬天点颜色瞧瞧,1,未命中白名单/非核心地理锚点
超会穿企划,1,未命中白名单/非核心地理锚点
总要来一次哈尔滨吧,1,未命中白名单/非核心地理锚点
哈尔滨溜娃好去处,1,未命中白名单/非核心地理锚点
极限运动体验,1,未命中白名单/非核心地理锚点
明信片设计,1,未命中白名单/非核心地理锚点
水彩建筑风景,1,未命中白名单/非核心地理锚点
因为我爱上整个夏末,1,未命中白名单/非核心地理锚点
哈尔滨手绘,1,未命中白名单/非核心地理锚点
小红书民间艺术小赛,1,未命中白名单/非核心地理锚点
手帐,1,未命中白名单/非核心地理锚点
速写人间万象,1,未命中白名单/非核心地理锚点
速写人间烟火,1,未命中白名单/非核心地理锚点
明信片分享,1,未命中白名单/非核心地理锚点
漫步世界名著花园,1,未命中白名单/非核心地理锚点
繁花盛开的街道,1,未命中白名单/非核心地理锚点
哈尔滨画册,1,未命中白名单/非核心地理锚点
城市绘本,1,未命中白名单/非核心地理锚点
小红书艺术漫游,1,未命中白名单/非核心地理锚点
我的艺术作品,1,未命中白名单/非核心地理锚点
画画的日常,1,未命中白名单/非核心地理锚点
艺术,1,未命中白名单/非核心地理锚点
绘玩名物哈尔滨,1,未命中白名单/非核心地理锚点
哈尔滨地铁,1,未命中白名单/非核心地理锚点
地铁,1,未命中白名单/非核心地理锚点
保暖帽子,1,未命中白名单/非核心地理锚点
冬天出片帽子,1,未命中白名单/非核心地理锚点
冬天防风帽子,1,未命中白名单/非核心地理锚点
冬季针织帽,1,未命中白名单/非核心地理锚点
大头围帽子,1,未命中白名单/非核心地理锚点
方圆脸帽子,1,未命中白名单/非核心地理锚点
温暖的帽子,1,未命中白名单/非核心地理锚点
秋冬帽子推荐,1,主题词/情绪词
针织帽,1,未命中白名单/非核心地理锚点
显脸小帽子,1,未命中白名单/非核心地理锚点
小个子羽绒服,1,未命中白名单/非核心地理锚点
新疆穿搭,1,主题词/情绪词
暖和的外套,1,未命中白名单/非核心地理锚点
秋冬穿搭,1,主题词/情绪词
羽绒服,1,未命中白名单/非核心地理锚点
羽绒服穿搭,1,主题词/情绪词
雪地穿搭,1,主题词/情绪词
走进童话世界,1,未命中白名单/非核心地理锚点
哈尔冰烧烤,1,未命中白名单/非核心地理锚点
水彩画,1,未命中白名单/非核心地理锚点
妈呀这也太好吃了吧,1,主题词/情绪词
亚冬会吉祥物,1,未命中白名单/非核心地理锚点
老建筑,1,未命中白名单/非核心地理锚点
嗨住春节好去处,1,未命中白名单/非核心地理锚点
大家的春节,1,未命中白名单/非核心地理锚点
春节去哪儿,1,未命中白名单/非核心地理锚点
薛佳凝,1,未命中白名单/非核心地理锚点
滴滴乘车码,1,未命中白名单/非核心地理锚点
插画分享,1,未命中白名单/非核心地理锚点
水彩,1,未命中白名单/非核心地理锚点
一张图证明你学艺术,1,未命中白名单/非核心地理锚点
生活所见皆所画,1,未命中白名单/非核心地理锚点
晒晒你的绘画作品,1,未命中白名单/非核心地理锚点
城市是一本书,1,未命中白名单/非核心地理锚点
每日一画,1,未命中白名单/非核心地理锚点
民国老建筑,1,未命中白名单/非核心地理锚点
高中,1,未命中白名单/非核心地理锚点
城市画报,1,未命中白名单/非核心地理锚点
治愈系插画,1,未命中白名单/非核心地理锚点
龙塔云中漫步挑战,1,未命中白名单/非核心地理锚点
滴滴公交地铁,1,未命中白名单/非核心地理锚点
前开盖拉杆箱,1,未命中白名单/非核心地理锚点
宝藏行李箱,1,未命中白名单/非核心地理锚点
登机箱,1,未命中白名单/非核心地理锚点
行李箱,1,未命中白名单/非核心地理锚点
哈尔滨物价,1,未命中白名单/非核心地理锚点
高颜值行李箱,1,未命中白名单/非核心地理锚点
金山鹿苑,1,未命中白名单/非核心地理锚点
夏天哈尔滨,1,未命中白名单/非核心地理锚点
行走的课堂,1,未命中白名单/非核心地理锚点
定制,1,未命中白名单/非核心地理锚点
万国建筑博物馆,1,未命中白名单/非核心地理锚点
城市漫步指南,1,未命中白名单/非核心地理锚点
盖章护照,1,未命中白名单/非核心地理锚点
秋日氛围感,1,未命中白名单/非核心地理锚点
橘子,1,未命中白名单/非核心地理锚点
哈尔滨迎茶,1,未命中白名单/非核心地理锚点
5A景区,1,未命中白名单/非核心地理锚点
龙塔拍照,1,未命中白名单/非核心地理锚点
哈尔滨龙塔,1,未命中白名单/非核心地理锚点
和小红书游中国,1,未命中白名单/非核心地理锚点
户外48小时,1,未命中白名单/非核心地理锚点
拒绝价格刺客,1,未命中白名单/非核心地理锚点
茂名荔枝,1,未命中白名单/非核心地理锚点
哈尔滨索道半价,1,未命中白名单/非核心地理锚点
夏日限定,1,未命中白名单/非核心地理锚点
哈尔滨免费活动,1,未命中白名单/非核心地理锚点
五一假期排队盛况一览,1,未命中白名单/非核心地理锚点
荔枝,1,未命中白名单/非核心地理锚点
哈尔滨夏日游玩,1,未命中白名单/非核心地理锚点
烤乳猪,1,未命中白名单/非核心地理锚点
总要吃遍南北东西,1,未命中白名单/非核心地理锚点
大巴车,1,未命中白名单/非核心地理锚点
冰城哈尔滨冬日游,1,未命中白名单/非核心地理锚点
冰雪之城哈尔滨游,1,未命中白名单/非核心地理锚点
北国冰城游,1,未命中白名单/非核心地理锚点
哈尔滨冰雪奇缘之旅,1,未命中白名单/非核心地理锚点
冰雪哈尔滨,1,未命中白名单/非核心地理锚点
731门票预约不上怎么办,1,未命中白名单/非核心地理锚点
勿忘国耻,1,未命中白名单/非核心地理锚点
历史的痕迹,1,未命中白名单/非核心地理锚点
清真烧烤,1,未命中白名单/非核心地理锚点
中间保暖层,1,未命中白名单/非核心地理锚点
假装在海边,1,未命中白名单/非核心地理锚点
保暖穿法,1,未命中白名单/非核心地理锚点
北方的海边,1,未命中白名单/非核心地理锚点
内搭背心秋冬,1,未命中白名单/非核心地理锚点
冬天怎么穿既保暖又不臃肿,1,未命中白名单/非核心地理锚点
冬天里面穿什么衣服,1,未命中白名单/非核心地理锚点
冬季保暖马甲,1,未命中白名单/非核心地理锚点
冬季内搭,1,未命中白名单/非核心地理锚点
冬日保暖内搭,1,未命中白名单/非核心地理锚点
去有风的地方露营好治愈,1,未命中白名单/非核心地理锚点
外穿内穿都好看,1,未命中白名单/非核心地理锚点
小洱海,1,未命中白名单/非核心地理锚点
羽绒马甲女,1,未命中白名单/非核心地理锚点
背心加绒,1,未命中白名单/非核心地理锚点
薰衣草庄园,1,未命中白名单/非核心地理锚点
马甲加绒,1,未命中白名单/非核心地理锚点
马甲背心,1,未命中白名单/非核心地理锚点
黑色羊绒马甲,1,未命中白名单/非核心地理锚点
放空好去处,1,未命中白名单/非核心地理锚点
拍出冬季氛围感,1,未命中白名单/非核心地理锚点
消遣好去处,1,未命中白名单/非核心地理锚点
朋友小聚就去这儿,1,未命中白名单/非核心地理锚点
囡得一见,1,未命中白名单/非核心地理锚点
期末考试,1,未命中白名单/非核心地理锚点
洱海,1,未命中白名单/非核心地理锚点
731讲解,1,未命中白名单/非核心地理锚点
湖边吹吹风,1,未命中白名单/非核心地理锚点
哈尔滨俄式西餐,1,未命中白名单/非核心地理锚点
湖边咖啡铺,1,未命中白名单/非核心地理锚点
研学,1,主题词/情绪词
五一去哪儿吃,1,未命中白名单/非核心地理锚点
王王队,1,未命中白名单/非核心地理锚点
minisoland,1,未命中白名单/非核心地理锚点
kitty,1,未命中白名单/非核心地理锚点
到处走走逛逛吃吃,1,未命中白名单/非核心地理锚点
哈尔滨雪乡大巴车购票,1,城市外延地点
chiikawa,1,未命中白名单/非核心地理锚点
哈尔滨雪乡直通车买票,1,城市外延地点
毛巾经络搓,1,未命中白名单/非核心地理锚点
放松解压好地方搓,1,未命中白名单/非核心地理锚点
这是露营天堂吧,1,未命中白名单/非核心地理锚点
氛围感穿搭,1,主题词/情绪词
温柔风穿搭,1,主题词/情绪词
你永远可以相信哈尔滨,1,未命中白名单/非核心地理锚点
冰雪之城哈尔滨,1,未命中白名单/非核心地理锚点
哈尔滨本地人的破防瞬间,1,未命中白名单/非核心地理锚点
城市人文随笔,1,未命中白名单/非核心地理锚点
推荐一本治愈的书,1,主题词/情绪词
推荐一本治愈的书～,1,主题词/情绪词
瞎溜达的一天,1,未命中白名单/非核心地理锚点
哈尔滨板前料理,1,未命中白名单/非核心地理锚点
哈尔滨烧肉,1,未命中白名单/非核心地理锚点
烧烤界自己的omakase,1,未命中白名单/非核心地理锚点
KTV排名哈尔滨,1,未命中白名单/非核心地理锚点
单刷KTV哈尔滨,1,未命中白名单/非核心地理锚点
搓搓搓背馆,1,未命中白名单/非核心地理锚点
娱乐哈尔滨,1,未命中白名单/非核心地理锚点
误入了莫奈的花园,1,未命中白名单/非核心地理锚点
哈尔滨亲子游玩,1,主题词/情绪词
哈尔滨游学,1,未命中白名单/非核心地理锚点
猪妈妈研学,1,主题词/情绪词
新学期,1,未命中白名单/非核心地理锚点
省心遛娃,1,未命中白名单/非核心地理锚点
社会实践报告,1,未命中白名单/非核心地理锚点
哈尔滨搓澡,1,未命中白名单/非核心地理锚点
高品質遛娃,1,未命中白名单/非核心地理锚点
台湾腔,1,未命中白名单/非核心地理锚点
秋冬温柔毛织,1,未命中白名单/非核心地理锚点
哈尔滨养生搓,1,未命中白名单/非核心地理锚点
哈尔滨到雪谷交通,1,未命中白名单/非核心地理锚点
甜食脑袋,1,未命中白名单/非核心地理锚点
中式梦核,1,未命中白名单/非核心地理锚点
童话氛围感,1,未命中白名单/非核心地理锚点
哈尔滨去雪谷拼车,1,未命中白名单/非核心地理锚点
外景,1,未命中白名单/非核心地理锚点
奇奇怪怪的建筑,1,未命中白名单/非核心地理锚点
哈尔滨巧克力,1,未命中白名单/非核心地理锚点
雪,1,未命中白名单/非核心地理锚点
一起探索城市历史,1,未命中白名单/非核心地理锚点
历史研学,1,主题词/情绪词
度假村,1,未命中白名单/非核心地理锚点
哈尔滨二人转门票,1,未命中白名单/非核心地理锚点
哈尔滨龙江大舞台,1,未命中白名单/非核心地理锚点
龙江大舞台,1,未命中白名单/非核心地理锚点
龙江大舞台二人转,1,未命中白名单/非核心地理锚点
龙江大舞台门票,1,未命中白名单/非核心地理锚点
龙江大舞台门票代订,1,未命中白名单/非核心地理锚点
哈尔滨演出,1,未命中白名单/非核心地理锚点
冬季东北,1,主题词/情绪词
哈尔滨到雪谷怎么坐车,1,未命中白名单/非核心地理锚点
向往的城市,1,未命中白名单/非核心地理锚点
东北铁锅炖,1,主题词/情绪词
哈尔滨去雪谷班车,1,未命中白名单/非核心地理锚点
urbex,1,未命中白名单/非核心地理锚点
嗨丝,1,未命中白名单/非核心地理锚点
火车,1,未命中白名单/非核心地理锚点
铁路文创,1,商品词
12306铁路文创,1,商品词
别人的大学,1,未命中白名单/非核心地理锚点
小土豆,1,未命中白名单/非核心地理锚点
高校参观,1,未命中白名单/非核心地理锚点
高校,1,未命中白名单/非核心地理锚点
哈尔滨到雪谷包车,1,未命中白名单/非核心地理锚点
宵夜吃什么,1,未命中白名单/非核心地理锚点
雪谷到哈尔滨班车,1,未命中白名单/非核心地理锚点
初中地理,1,未命中白名单/非核心地理锚点
学科融合,1,未命中白名单/非核心地理锚点
寒假弯道超车,1,未命中白名单/非核心地理锚点
厚黑,1,未命中白名单/非核心地理锚点
城市百科,1,未命中白名单/非核心地理锚点
哈尔滨历史,1,未命中白名单/非核心地理锚点
哈尔滨深度游,1,未命中白名单/非核心地理锚点
寒假研学,1,主题词/情绪词
校园研学,1,主题词/情绪词
不起雾口罩,1,未命中白名单/非核心地理锚点
沙滩,1,未命中白名单/非核心地理锚点
哈尔滨小烟火,1,未命中白名单/非核心地理锚点
我爱吃海鲜,1,主题词/情绪词
加绒口罩,1,未命中白名单/非核心地理锚点
秋冬保暖,1,未命中白名单/非核心地理锚点
泳装,1,未命中白名单/非核心地理锚点
哈尔滨工业大学学,1,未命中白名单/非核心地理锚点
冬天去哪玩,1,未命中白名单/非核心地理锚点
冬天露营,1,未命中白名单/非核心地理锚点
哈尔滨露营地,1,未命中白名单/非核心地理锚点
木屋营地,1,未命中白名单/非核心地理锚点
设计感超强的民宿,1,未命中白名单/非核心地理锚点
哈尔滨土著,1,未命中白名单/非核心地理锚点
伴手礼推荐,1,商品词
冰箱贴文创,1,商品词
文创礼物,1,商品词
高颜值冰箱贴,1,商品词
群力美食,1,未命中白名单/非核心地理锚点
生态保护,1,未命中白名单/非核心地理锚点
自然教育,1,未命中白名单/非核心地理锚点
松弛感餐厅,1,未命中白名单/非核心地理锚点
哈尔滨美女,1,未命中白名单/非核心地理锚点
海鲜控,1,未命中白名单/非核心地理锚点
高级感ppt,1,未命中白名单/非核心地理锚点
冬天防风口罩,1,未命中白名单/非核心地理锚点
哈尔滨亲子,1,未命中白名单/非核心地理锚点
人文历史,1,未命中白名单/非核心地理锚点
炭烤海鲜,1,未命中白名单/非核心地理锚点
下班好去处,1,未命中白名单/非核心地理锚点
半日营,1,未命中白名单/非核心地理锚点
双馆精讲,1,未命中白名单/非核心地理锚点
摸真火箭,1,未命中白名单/非核心地理锚点
科技迷必冲,1,未命中白名单/非核心地理锚点
航天VR,1,未命中白名单/非核心地理锚点
哈尔滨工业大学（南岗区西大直街92号）,1,未命中白名单/非核心地理锚点
PPT,1,未命中白名单/非核心地理锚点
震海贝,1,未命中白名单/非核心地理锚点
我和这家店有故事,1,未命中白名单/非核心地理锚点
ppt模板分享,1,未命中白名单/非核心地理锚点
中式美学空间,1,未命中白名单/非核心地理锚点
榴莲,1,未命中白名单/非核心地理锚点
无聊去哪玩,1,未命中白名单/非核心地理锚点
墨镜分享,1,商品词
打发时间,1,未命中白名单/非核心地理锚点
休息天的打开方式,1,未命中白名单/非核心地理锚点
下班放松时刻,1,未命中白名单/非核心地理锚点
徒步圈,1,未命中白名单/非核心地理锚点
徒步穿搭,1,主题词/情绪词
户外墨镜,1,商品词
户外徒步,1,未命中白名单/非核心地理锚点
户外穿搭,1,主题词/情绪词
一个人怎么打发时间,1,未命中白名单/非核心地理锚点
雪花冰,1,未命中白名单/非核心地理锚点
显脸小的墨镜,1,商品词
滑雪护目镜,1,未命中白名单/非核心地理锚点
哈尔滨会议室,1,未命中白名单/非核心地理锚点
哈尔滨新中式茶馆,1,未命中白名单/非核心地理锚点
花情实况播报,1,未命中白名单/非核心地理锚点
花展,1,未命中白名单/非核心地理锚点
骑行护目镜,1,未命中白名单/非核心地理锚点
美景,1,未命中白名单/非核心地理锚点
叠戴的魔法,1,未命中白名单/非核心地理锚点
夏日松弛感饰品,1,未命中白名单/非核心地理锚点
套装穿搭,1,主题词/情绪词
开学出新装,1,未命中白名单/非核心地理锚点
哈尔滨茶馆,1,未命中白名单/非核心地理锚点
秋季穿搭,1,主题词/情绪词
茶室,1,未命中白名单/非核心地理锚点
高二代大钰,1,未命中白名单/非核心地理锚点
高个子女生,1,未命中白名单/非核心地理锚点
哈尔滨精讲,1,未命中白名单/非核心地理锚点
哈尔滨直通车,1,未命中白名单/非核心地理锚点
哈尔滨纪念品,1,未命中白名单/非核心地理锚点
糖葫芦,1,未命中白名单/非核心地理锚点
航天馆,1,未命中白名单/非核心地理锚点
hyh89995,1,未命中白名单/非核心地理锚点
冬天的北方穿什么,1,未命中白名单/非核心地理锚点
无人机体验,1,未命中白名单/非核心地理锚点
航天科普,1,未命中白名单/非核心地理锚点
航空航天,1,未命中白名单/非核心地理锚点
值得一去的咖啡店,1,未命中白名单/非核心地理锚点
咖啡地图,1,未命中白名单/非核心地理锚点
哈尔滨咖友漫游记,1,未命中白名单/非核心地理锚点
哈尔滨咖啡馆,1,未命中白名单/非核心地理锚点
咖友漫游记,1,未命中白名单/非核心地理锚点
像素风的游戏,1,未命中白名单/非核心地理锚点
单机游戏推荐,1,主题词/情绪词
在玩的游戏,1,未命中白名单/非核心地理锚点
怀旧游戏,1,未命中白名单/非核心地理锚点
我的世界正版,1,未命中白名单/非核心地理锚点
沙盒游戏,1,未命中白名单/非核心地理锚点
泰拉瑞亚,1,未命中白名单/非核心地理锚点
热门游戏,1,未命中白名单/非核心地理锚点
经典游戏,1,未命中白名单/非核心地理锚点
看雪穿什么,1,未命中白名单/非核心地理锚点
哈尔滨市内包车,1,未命中白名单/非核心地理锚点
哈尔滨考斯特包车,1,未命中白名单/非核心地理锚点
哈尔滨同城热门,1,未命中白名单/非核心地理锚点
客片分享,1,未命中白名单/非核心地理锚点
浪漫的人有自己的乌托邦,1,主题词/情绪词
电子素材,1,未命中白名单/非核心地理锚点
科学启蒙,1,未命中白名单/非核心地理锚点
哈尔滨茶室,1,未命中白名单/非核心地理锚点
舞蹈鞋,1,未命中白名单/非核心地理锚点
雪乡到哈尔滨班车最晚几点,1,城市外延地点
长裙穿搭,1,主题词/情绪词
雪花冰箱贴,1,商品词
麦当劳,1,未命中白名单/非核心地理锚点
灯会,1,未命中白名单/非核心地理锚点
哈尔滨ppt更新啦,1,未命中白名单/非核心地理锚点
哈尔滨冰雪乐园,1,未命中白名单/非核心地理锚点
哈尔滨城市介绍ppt,1,未命中白名单/非核心地理锚点
城市介绍ppt,1,未命中白名单/非核心地理锚点
地域建筑文化,1,未命中白名单/非核心地理锚点
不想洗头,1,未命中白名单/非核心地理锚点
免洗洗发水,1,未命中白名单/非核心地理锚点
冬季必备,1,未命中白名单/非核心地理锚点
阿曼多免洗洗发水,1,未命中白名单/非核心地理锚点
冬天裤,1,未命中白名单/非核心地理锚点
冬季保暖裤,1,未命中白名单/非核心地理锚点
加厚工装裤,1,未命中白名单/非核心地理锚点
加绒不臃肿,1,未命中白名单/非核心地理锚点
雪冰,1,未命中白名单/非核心地理锚点
加绒加厚裤子,1,未命中白名单/非核心地理锚点
加绒户外裤,1,未命中白名单/非核心地理锚点
好搭的裤子,1,未命中白名单/非核心地理锚点
平价裤子分享,1,未命中白名单/非核心地理锚点
微胖裤子秋冬,1,未命中白名单/非核心地理锚点
慵懒感穿搭,1,主题词/情绪词
沉浸式逛公园,1,未命中白名单/非核心地理锚点
显高显瘦神裤,1,未命中白名单/非核心地理锚点
城市废墟,1,未命中白名单/非核心地理锚点
没有束缚感,1,未命中白名单/非核心地理锚点
滑雪穿搭,1,主题词/情绪词
废弃,1,未命中白名单/非核心地理锚点
胯宽屁股大,1,未命中白名单/非核心地理锚点
裤子冬季,1,未命中白名单/非核心地理锚点
裤子秋冬加绒,1,未命中白名单/非核心地理锚点
这个东天不怕冷了,1,未命中白名单/非核心地理锚点
防水,1,未命中白名单/非核心地理锚点
零下十度穿搭系,1,主题词/情绪词
儿童建筑学,1,未命中白名单/非核心地理锚点
审美教育,1,未命中白名单/非核心地理锚点
建筑美学,1,未命中白名单/非核心地理锚点
文化教育,1,未命中白名单/非核心地理锚点
怀旧废墟,1,未命中白名单/非核心地理锚点
艺术启蒙,1,未命中白名单/非核心地理锚点
观察力训练,1,未命中白名单/非核心地理锚点
哈尔滨建筑,1,未命中白名单/非核心地理锚点
哈尔滨五天四晚小包团,1,未命中白名单/非核心地理锚点
哈尔滨雪乡,1,城市外延地点
三星S23U租赁,1,未命中白名单/非核心地理锚点
哈尔滨追星,1,未命中白名单/非核心地理锚点
大疆Pocket3租赁,1,未命中白名单/非核心地理锚点
哈尔滨演唱会,1,未命中白名单/非核心地理锚点
小学生日常,1,未命中白名单/非核心地理锚点
理财启蒙,1,未命中白名单/非核心地理锚点
理财课,1,未命中白名单/非核心地理锚点
财商教育,1,未命中白名单/非核心地理锚点
雪谷住宿,1,主题词/情绪词
与众不同的礼物,1,未命中白名单/非核心地理锚点
漠河,1,未命中白名单/非核心地理锚点
走心礼物,1,未命中白名单/非核心地理锚点
送客户礼物,1,未命中白名单/非核心地理锚点
全民冰雪季,1,未命中白名单/非核心地理锚点
雪花摩天轮,1,未命中白名单/非核心地理锚点
探秘,1,未命中白名单/非核心地理锚点
烤肉搭子,1,未命中白名单/非核心地理锚点
林都号,1,未命中白名单/非核心地理锚点
雪国,1,未命中白名单/非核心地理锚点
踏上列车去感受冬天的雪景,1,未命中白名单/非核心地理锚点
探险,1,未命中白名单/非核心地理锚点
哈尔滨网红餐厅,1,未命中白名单/非核心地理锚点
历史的足迹,1,未命中白名单/非核心地理锚点
文创冰箱贴,1,商品词
逛博物馆才是正经事,1,未命中白名单/非核心地理锚点
暗黑氛围感,1,未命中白名单/非核心地理锚点
这不是废墟,1,未命中白名单/非核心地理锚点
80年代,1,未命中白名单/非核心地理锚点
历史老影像,1,未命中白名单/非核心地理锚点
历史老照片,1,未命中白名单/非核心地理锚点
读书推荐,1,主题词/情绪词
冬季出游,1,未命中白名单/非核心地理锚点
冬日口罩,1,未命中白名单/非核心地理锚点
跨年,1,未命中白名单/非核心地理锚点
怀旧,1,未命中白名单/非核心地理锚点
冬天保暖口罩,1,未命中白名单/非核心地理锚点
东北早春穿搭,1,主题词/情绪词
世界那么大总要去看看,1,未命中白名单/非核心地理锚点
怀旧经典,1,未命中白名单/非核心地理锚点
旧时光回忆,1,未命中白名单/非核心地理锚点
北京冬天穿搭,1,主题词/情绪词
小个子工装裤,1,未命中白名单/非核心地理锚点
松软有奥秘,1,未命中白名单/非核心地理锚点
工装裤女推荐,1,主题词/情绪词
工装裤推荐,1,主题词/情绪词
工装裤穿搭,1,主题词/情绪词
春季通勤穿搭,1,主题词/情绪词
直筒裤,1,未命中白名单/非核心地理锚点
窄版直筒裤,1,未命中白名单/非核心地理锚点
西藏冬天穿搭,1,主题词/情绪词
长白山穿搭,1,主题词/情绪词
防风加绒裤,1,未命中白名单/非核心地理锚点
老照片,1,未命中白名单/非核心地理锚点
小红书市集春上新,1,未命中白名单/非核心地理锚点
ppt素材,1,未命中白名单/非核心地理锚点
东方小巴黎,1,未命中白名单/非核心地理锚点
城市介绍,1,未命中白名单/非核心地理锚点
家乡,1,未命中白名单/非核心地理锚点
模板,1,未命中白名单/非核心地理锚点
当然要记录啊,1,未命中白名单/非核心地理锚点
哈尔滨雪谷大巴车订票,1,未命中白名单/非核心地理锚点
普拉维奇,1,未命中白名单/非核心地理锚点
过去的回忆,1,未命中白名单/非核心地理锚点
羊毛裤,1,未命中白名单/非核心地理锚点
老寒腿,1,未命中白名单/非核心地理锚点
云端奢华体验,1,未命中白名单/非核心地理锚点
哈尔滨富力丽思卡顿酒店,1,未命中白名单/非核心地理锚点
出行好物,1,商品词
哈尔滨城市通,1,未命中白名单/非核心地理锚点
强烈推荐,1,主题词/情绪词
礼物,1,未命中白名单/非核心地理锚点
交通联合,1,未命中白名单/非核心地理锚点
PPT撕纸风,1,未命中白名单/非核心地理锚点
哈尔滨城市介绍ppt模板,1,未命中白名单/非核心地理锚点
日落,1,未命中白名单/非核心地理锚点
撕纸风,1,未命中白名单/非核心地理锚点
亲子游路线,1,主题词/情绪词
西城红场,1,未命中白名单/非核心地理锚点
哈尔滨企鹅,1,未命中白名单/非核心地理锚点
大叔在哈尔滨,1,未命中白名单/非核心地理锚点
生活里的一点甜,1,未命中白名单/非核心地理锚点
自己的路自己創,1,未命中白名单/非核心地理锚点
冰箱贴收藏,1,商品词
城市微缩景观,1,未命中白名单/非核心地理锚点
文创天花板,1,商品词
兼职,1,未命中白名单/非核心地理锚点
哈尔滨兼职,1,未命中白名单/非核心地理锚点
哈尔滨兼职工作,1,未命中白名单/非核心地理锚点
哈尔滨兼职招聘,1,未命中白名单/非核心地理锚点
哈尔滨兼职日结,1,未命中白名单/非核心地理锚点
礼仪模特,1,未命中白名单/非核心地理锚点
群演,1,未命中白名单/非核心地理锚点
全国礼仪模特主持演艺演员通告,1,未命中白名单/非核心地理锚点
事业单位招聘,1,未命中白名单/非核心地理锚点
事业编,1,未命中白名单/非核心地理锚点
平房区,1,未命中白名单/非核心地理锚点
打印准考证,1,未命中白名单/非核心地理锚点
报名,1,未命中白名单/非核心地理锚点
笔试,1,未命中白名单/非核心地理锚点
亲近小动物,1,未命中白名单/非核心地理锚点
亲子出游,1,未命中白名单/非核心地理锚点
小学生寒假,1,未命中白名单/非核心地理锚点
冬季出行必备,1,未命中白名单/非核心地理锚点
包内收纳,1,未命中白名单/非核心地理锚点
收纳袋子,1,未命中白名单/非核心地理锚点
精致女孩必备好物,1,商品词
行李收纳,1,未命中白名单/非核心地理锚点
行李收纳袋有必要吗,1,未命中白名单/非核心地理锚点
行李箱分装收纳袋,1,未命中白名单/非核心地理锚点
行李箱怎么收纳不占空间,1,未命中白名单/非核心地理锚点
行李箱收纳袋有必要买吗,1,未命中白名单/非核心地理锚点
衣服收纳包,1,未命中白名单/非核心地理锚点
动物互动,1,未命中白名单/非核心地理锚点
东北保暖装备,1,主题词/情绪词
滑雪面罩,1,未命中白名单/非核心地理锚点
安全科普,1,未命中白名单/非核心地理锚点
秋冬保暖好物,1,商品词
摩天轮,1,未命中白名单/非核心地理锚点
收藏礼物,1,未命中白名单/非核心地理锚点
旋转金属AR冰箱贴,1,商品词
哈尔滨雪谷班车,1,未命中白名单/非核心地理锚点
雪谷直通车,1,未命中白名单/非核心地理锚点
东北民俗,1,主题词/情绪词
假装在国外度假,1,未命中白名单/非核心地理锚点
寻宝游戏,1,未命中白名单/非核心地理锚点
萌宠乐园,1,未命中白名单/非核心地理锚点
包车游,1,未命中白名单/非核心地理锚点
学校,1,未命中白名单/非核心地理锚点
剧本杀,1,未命中白名单/非核心地理锚点
流氓叙事,1,未命中白名单/非核心地理锚点
流氓叙事伴手礼,1,商品词
程走柳,1,未命中白名单/非核心地理锚点
羌青瓷,1,未命中白名单/非核心地理锚点
程聿怀,1,未命中白名单/非核心地理锚点
东北包车,1,主题词/情绪词
冬季玩雪,1,未命中白名单/非核心地理锚点
30寸行李箱,1,未命中白名单/非核心地理锚点
侧开盖行李箱,1,未命中白名单/非核心地理锚点
假期行李大开箱,1,未命中白名单/非核心地理锚点
出门带什么,1,未命中白名单/非核心地理锚点
大容量行李箱,1,未命中白名单/非核心地理锚点
万物皆可手帐,1,未命中白名单/非核心地理锚点
哈尔滨太阳手帐节,1,未命中白名单/非核心地理锚点
哈尔滨手帐集市,1,未命中白名单/非核心地理锚点
太阳手帐节,1,未命中白名单/非核心地理锚点
好运天才俱乐部,1,未命中白名单/非核心地理锚点
手帐er的日常,1,未命中白名单/非核心地理锚点
太阳手帐集市,1,未命中白名单/非核心地理锚点
七三一遗址,1,未命中白名单/非核心地理锚点
侵华日军第七三一部队旧址,1,未命中白名单/非核心地理锚点
侵华日军第七三一部队罪证陈列,1,未命中白名单/非核心地理锚点
清明,1,未命中白名单/非核心地理锚点
讲解,1,未命中白名单/非核心地理锚点
二道白河镇,1,未命中白名单/非核心地理锚点
冰雪画廊,1,未命中白名单/非核心地理锚点
寓教于乐的亲子游,1,主题词/情绪词
科普绘本,1,未命中白名单/非核心地理锚点
好奇匣研学,1,主题词/情绪词
羽绒服出租,1,未命中白名单/非核心地理锚点
哈尔滨历史研学,1,主题词/情绪词
官方讲解,1,未命中白名单/非核心地理锚点
家国情怀,1,未命中白名单/非核心地理锚点
零距离接触动物,1,未命中白名单/非核心地理锚点
我的宝藏歌单,1,未命中白名单/非核心地理锚点
大秃顶子山,1,未命中白名单/非核心地理锚点
歌单,1,未命中白名单/非核心地理锚点
七三一电影,1,未命中白名单/非核心地理锚点
春节去哪里,1,未命中白名单/非核心地理锚点
震撼到内心,1,未命中白名单/非核心地理锚点
视觉盛宴,1,未命中白名单/非核心地理锚点
中街慢生活,1,未命中白名单/非核心地理锚点
带你探新店,1,未命中白名单/非核心地理锚点
友谊宫,1,未命中白名单/非核心地理锚点
沉浸式逛店,1,未命中白名单/非核心地理锚点
歌单分享,1,未命中白名单/非核心地理锚点
穷游哈尔滨,1,未命中白名单/非核心地理锚点
哈尔滨丁香人才,1,未命中白名单/非核心地理锚点
哈尔滨丁香人才周笔试,1,未命中白名单/非核心地理锚点
哈尔滨丁香人才周考情,1,未命中白名单/非核心地理锚点
哈尔滨人才周备考,1,未命中白名单/非核心地理锚点
哈尔滨人才周招聘,1,未命中白名单/非核心地理锚点
哈尔滨人才周笔试,1,未命中白名单/非核心地理锚点
学豆听考,1,未命中白名单/非核心地理锚点
黑龙江中公,1,未命中白名单/非核心地理锚点
流行歌曲,1,未命中白名单/非核心地理锚点
音乐推荐,1,主题词/情绪词
气温,1,未命中白名单/非核心地理锚点
一部剧带火一座城,1,未命中白名单/非核心地理锚点
低智商犯罪取景地,1,未命中白名单/非核心地理锚点
低智商犯罪哈尔滨,1,未命中白名单/非核心地理锚点
clubmed,1,未命中白名单/非核心地理锚点
亲子滑雪,1,未命中白名单/非核心地理锚点
北大湖clubmed,1,未命中白名单/非核心地理锚点
带娃玩雪好去处,1,未命中白名单/非核心地理锚点
新年礼物,1,未命中白名单/非核心地理锚点
毛绒公仔,1,未命中白名单/非核心地理锚点
毛绒玩具,1,未命中白名单/非核心地理锚点
玩偶推荐,1,主题词/情绪词
低智商犯罪哈尔滨取景地,1,未命中白名单/非核心地理锚点
春晚分会场,1,未命中白名单/非核心地理锚点
哈尔滨取景地,1,未命中白名单/非核心地理锚点
731部队罪证陈列馆,1,未命中白名单/非核心地理锚点
731预约,1,未命中白名单/非核心地理锚点
哈尔滨731部队罪证陈列馆,1,未命中白名单/非核心地理锚点
哈尔滨731遗址,1,未命中白名单/非核心地理锚点
哈尔滨到雪乡交通,1,城市外延地点
冬天堆雪人,1,未命中白名单/非核心地理锚点
堆雪人呀堆雪人,1,未命中白名单/非核心地理锚点
山在穷游,1,未命中白名单/非核心地理锚点
五天四晚,1,未命中白名单/非核心地理锚点
城市探索家,1,未命中白名单/非核心地理锚点
哈尔滨新区,1,未命中白名单/非核心地理锚点
一个人坐火车,1,未命中白名单/非核心地理锚点
低智商犯罪,1,未命中白名单/非核心地理锚点
人在囧途欢乐多,1,未命中白名单/非核心地理锚点
愿火车再无晚点,1,未命中白名单/非核心地理锚点
赶路的正确打开方式,1,未命中白名单/非核心地理锚点
它好像知道它很可爱,1,未命中白名单/非核心地理锚点
小熊猫,1,未命中白名单/非核心地理锚点
小熊猫不是小时候的大熊猫,1,未命中白名单/非核心地理锚点
一点都不冷,1,未命中白名单/非核心地理锚点
来这吸熊猫,1,未命中白名单/非核心地理锚点
治愈系小熊,1,未命中白名单/非核心地理锚点
红熊猫,1,未命中白名单/非核心地理锚点
再冷也要凹造型,1,未命中白名单/非核心地理锚点
小熊猫不是浣熊,1,未命中白名单/非核心地理锚点
冬天不怕冷,1,未命中白名单/非核心地理锚点
哈尔滨化工厂拍摄,1,未命中白名单/非核心地理锚点
化工厂,1,未命中白名单/非核心地理锚点
知识手册,1,未命中白名单/非核心地理锚点
大庆自驾,1,未命中白名单/非核心地理锚点
雪地保暖穿搭,1,主题词/情绪词
雪地穿搭指南,1,主题词/情绪词
老式保暖三件套,1,未命中白名单/非核心地理锚点
免单活动,1,未命中白名单/非核心地理锚点
宠粉福利,1,未命中白名单/非核心地理锚点
ppt课件,1,未命中白名单/非核心地理锚点
哈尔滨饭店,1,未命中白名单/非核心地理锚点
加绒伞兵裤,1,未命中白名单/非核心地理锚点
羽绒裤,1,未命中白名单/非核心地理锚点
哈尔滨🌈,1,未命中白名单/非核心地理锚点
旋转雪花,1,未命中白名单/非核心地理锚点
有雪花就是年,1,未命中白名单/非核心地理锚点
儿童研学手册,1,主题词/情绪词
小红书推荐,1,主题词/情绪词
美育启蒙,1,未命中白名单/非核心地理锚点
艺术研学,1,主题词/情绪词
科普教育,1,未命中白名单/非核心地理锚点
采冰,1,未命中白名单/非核心地理锚点
巧克力博物馆,1,未命中白名单/非核心地理锚点
网红店,1,未命中白名单/非核心地理锚点
巧克力,1,未命中白名单/非核心地理锚点
行走的教科书,1,未命中白名单/非核心地理锚点
保暖内搭,1,未命中白名单/非核心地理锚点
冬季保暖神器,1,未命中白名单/非核心地理锚点
秋冬内搭,1,未命中白名单/非核心地理锚点
降温穿搭,1,主题词/情绪词
谁能阻挡企鹅的小碎步,1,未命中白名单/非核心地理锚点
哈尔滨冬季,1,未命中白名单/非核心地理锚点
哈工大参观,1,未命中白名单/非核心地理锚点
公主写真,1,未命中白名单/非核心地理锚点
性价比写真,1,未命中白名单/非核心地理锚点
公司面试题,1,未命中白名单/非核心地理锚点
职场密码面试题库,1,未命中白名单/非核心地理锚点
股份公司面试,1,未命中白名单/非核心地理锚点
通用面试题,1,未命中白名单/非核心地理锚点
面试考察点,1,未命中白名单/非核心地理锚点
面试题答案,1,未命中白名单/非核心地理锚点
职场密码,1,未命中白名单/非核心地理锚点
户外山系穿搭,1,主题词/情绪词
无处不运动,1,未命中白名单/非核心地理锚点
春日秀场,1,未命中白名单/非核心地理锚点
游牧在城市,1,未命中白名单/非核心地理锚点
长白山天池,1,城市外延地点
预习一下秋天穿搭,1,主题词/情绪词
哈尔滨包车司机,1,未命中白名单/非核心地理锚点
哈尔滨地陪,1,未命中白名单/非核心地理锚点
哈尔滨雪乡包车,1,城市外延地点
雪乡包车,1,城市外延地点
历史不该被遗忘,1,未命中白名单/非核心地理锚点
历史讲解,1,未命中白名单/非核心地理锚点
小包团,1,未命中白名单/非核心地理锚点
走进红色记忆,1,未命中白名单/非核心地理锚点
东北保暖穿搭,1,主题词/情绪词
东北保暖裤,1,主题词/情绪词
保暖的裤子,1,未命中白名单/非核心地理锚点
保暖羊毛裤,1,未命中白名单/非核心地理锚点
冬季加厚保暖,1,未命中白名单/非核心地理锚点
🌈浴池,1,未命中白名单/非核心地理锚点
🌈男孩,1,未命中白名单/非核心地理锚点
漠河保暖,1,未命中白名单/非核心地理锚点
漠河保暖穿搭,1,主题词/情绪词
长白山保暖,1,城市外延地点
长白山保暖裤,1,城市外延地点
雪乡保暖,1,城市外延地点
雪乡保暖装备,1,城市外延地点
哈尔滨保暖穿搭,1,主题词/情绪词
人文建筑,1,未命中白名单/非核心地理锚点
历史启蒙,1,未命中白名单/非核心地理锚点
爱国主义教育,1,未命中白名单/非核心地理锚点
保暖触屏手套,1,未命中白名单/非核心地理锚点
冬季手套,1,未命中白名单/非核心地理锚点
手套冬天,1,未命中白名单/非核心地理锚点
手套分享,1,未命中白名单/非核心地理锚点
寒假出游,1,未命中白名单/非核心地理锚点
寒假去哪,1,未命中白名单/非核心地理锚点
哈尔滨介绍PPT,1,未命中白名单/非核心地理锚点
哈尔滨文旅ppt,1,未命中白名单/非核心地理锚点
墨镜方圆脸,1,商品词
小红书RFL时尚轻单,1,未命中白名单/非核心地理锚点
小红书秋日焕新,1,未命中白名单/非核心地理锚点
川西,1,未命中白名单/非核心地理锚点
无墨镜不出门,1,商品词
全国Ⅱ卷数学,1,未命中白名单/非核心地理锚点
数学提分,1,未命中白名单/非核心地理锚点
新课标Ⅱ卷,1,未命中白名单/非核心地理锚点
高三刷题必备,1,未命中白名单/非核心地理锚点
高三学习日常,1,未命中白名单/非核心地理锚点
高中生学习干货,1,未命中白名单/非核心地理锚点
高考数学真题,1,未命中白名单/非核心地理锚点
高考资料分享,1,未命中白名单/非核心地理锚点
黑龙江高考,1,未命中白名单/非核心地理锚点
哈尔滨烤鸭,1,未命中白名单/非核心地理锚点
哈尔滨中巴车包车,1,未命中白名单/非核心地理锚点
哈尔滨包车师傅,1,未命中白名单/非核心地理锚点
哈尔滨大巴车包车,1,未命中白名单/非核心地理锚点
雪乡强哥,1,城市外延地点
哈工大机器人,1,未命中白名单/非核心地理锚点
哈工大航天,1,未命中白名单/非核心地理锚点
北京,1,未命中白名单/非核心地理锚点
南京,1,未命中白名单/非核心地理锚点
广州,1,未命中白名单/非核心地理锚点
暑假避暑好去处,1,未命中白名单/非核心地理锚点
杭州,1,未命中白名单/非核心地理锚点
武汉,1,未命中白名单/非核心地理锚点
研学哈尔滨,1,主题词/情绪词
保暖口罩推荐东北,1,主题词/情绪词
哈尔滨装备接力,1,未命中白名单/非核心地理锚点
护脸,1,未命中白名单/非核心地理锚点
米度狗,1,未命中白名单/非核心地理锚点
透气口罩,1,未命中白名单/非核心地理锚点
防风防寒口罩,1,未命中白名单/非核心地理锚点
PBL教育,1,未命中白名单/非核心地理锚点
城市探索,1,未命中白名单/非核心地理锚点
寒假活动,1,未命中白名单/非核心地理锚点
带娃好去处,1,未命中白名单/非核心地理锚点
2023冰雪之约,1,未命中白名单/非核心地理锚点
发现宝藏小酒馆,1,未命中白名单/非核心地理锚点
哈尔滨清吧,1,未命中白名单/非核心地理锚点
哈尔滨首家,1,未命中白名单/非核心地理锚点
这下可以花小钱装大杯了,1,未命中白名单/非核心地理锚点
网红景点,1,未命中白名单/非核心地理锚点
每秒都值得记录,1,未命中白名单/非核心地理锚点
一起逛市集,1,未命中白名单/非核心地理锚点
城市里那些可可爱爱的小店,1,未命中白名单/非核心地理锚点
爱上哈尔滨的十万个理由,1,未命中白名单/非核心地理锚点
出去玩住哪里,1,未命中白名单/非核心地理锚点
发现宝藏民宿,1,未命中白名单/非核心地理锚点
傍晚夕阳余晖,1,未命中白名单/非核心地理锚点
特价酒店,1,未命中白名单/非核心地理锚点
订酒店用去哪儿严选的更安心,1,未命中白名单/非核心地理锚点
壹簇世界花园,1,未命中白名单/非核心地理锚点
高性价比酒店,1,未命中白名单/非核心地理锚点
冬季,1,未命中白名单/非核心地理锚点
冬天的夕阳,1,未命中白名单/非核心地理锚点
平价民宿,1,未命中白名单/非核心地理锚点
舒适住宿体验,1,主题词/情绪词
设计感住宿,1,主题词/情绪词
错峰游哈尔滨,1,未命中白名单/非核心地理锚点
哈尔滨民宿捡漏,1,未命中白名单/非核心地理锚点
一起去溜娃,1,未命中白名单/非核心地理锚点
春日宝藏遛娃地,1,未命中白名单/非核心地理锚点
不争气的眼泪从嘴角流下来,1,未命中白名单/非核心地理锚点
生而有嘴真是太好了,1,未命中白名单/非核心地理锚点
不减肥一天吃什么,1,未命中白名单/非核心地理锚点
爱吃食物的小女孩,1,主题词/情绪词
夕阳美如画,1,未命中白名单/非核心地理锚点
伴手礼,1,商品词
俄罗斯进口食品,1,未命中白名单/非核心地理锚点
行程路线安排,1,未命中白名单/非核心地理锚点
欧式浪漫,1,主题词/情绪词
酒店试睡,1,未命中白名单/非核心地理锚点
秋天的落日,1,未命中白名单/非核心地理锚点
出行好去处,1,未命中白名单/非核心地理锚点
避开高峰期,1,未命中白名单/非核心地理锚点
值得一去,1,未命中白名单/非核心地理锚点
种草推荐,1,主题词/情绪词
避暑胜地,1,未命中白名单/非核心地理锚点
一些奇奇怪怪的东西,1,未命中白名单/非核心地理锚点
小红书市集心愿之城,1,未命中白名单/非核心地理锚点
人生无限club,1,未命中白名单/非核心地理锚点
波波夫文创,1,商品词
算了你肯定觉得没意思,1,未命中白名单/非核心地理锚点
返校,1,未命中白名单/非核心地理锚点
哈尔滨逛吃,1,未命中白名单/非核心地理锚点
嗨探,1,未命中白名单/非核心地理锚点
嗨探靠谱吗,1,未命中白名单/非核心地理锚点
世界上感觉最不真实的地方,1,未命中白名单/非核心地理锚点
东北人自带幽默感,1,主题词/情绪词
红肠欧巴,1,未命中白名单/非核心地理锚点
红肠欧巴的店铺,1,未命中白名单/非核心地理锚点
肠哥代购,1,未命中白名单/非核心地理锚点
哈尔滨🐯肠哥,1,未命中白名单/非核心地理锚点
潮汕菜,1,未命中白名单/非核心地理锚点
小红书兴趣季,1,未命中白名单/非核心地理锚点
小红盒,1,未命中白名单/非核心地理锚点
遛遛生活,1,未命中白名单/非核心地理锚点
哈尔滨属于哪个省,1,未命中白名单/非核心地理锚点
东北人在香港,1,主题词/情绪词
中港包车,1,未命中白名单/非核心地理锚点
粤港澳跨境包车,1,未命中白名单/非核心地理锚点
香港生活,1,未命中白名单/非核心地理锚点
香港自由行,1,未命中白名单/非核心地理锚点
带娃酒店,1,未命中白名单/非核心地理锚点
携程酒店,1,未命中白名单/非核心地理锚点
省钱,1,未命中白名单/非核心地理锚点
省钱酒店,1,未命中白名单/非核心地理锚点
算了吧反正你也觉得没意思,1,未命中白名单/非核心地理锚点
设计型酒店,1,未命中白名单/非核心地理锚点
哈尔滨儿童穿搭,1,主题词/情绪词
Softcore,1,未命中白名单/非核心地理锚点
柔系美式,1,未命中白名单/非核心地理锚点
潮流POI,1,未命中白名单/非核心地理锚点
潮流REDVibe,1,未命中白名单/非核心地理锚点
世界是巨大的游乐场,1,未命中白名单/非核心地理锚点
六一快乐,1,未命中白名单/非核心地理锚点
旅途中的美景,1,未命中白名单/非核心地理锚点
踏青出游,1,未命中白名单/非核心地理锚点
日常分享,1,未命中白名单/非核心地理锚点
根本逛不完,1,未命中白名单/非核心地理锚点
沉浸式逛街,1,未命中白名单/非核心地理锚点
12,1,未命中白名单/非核心地理锚点
亲子,1,未命中白名单/非核心地理锚点
小众遛娃地,1,未命中白名单/非核心地理锚点
遛娃不用愁,1,未命中白名单/非核心地理锚点
儿童游乐区,1,未命中白名单/非核心地理锚点
哈尔滨民宿推荐,1,主题词/情绪词
来进入我的童话世界里吧,1,未命中白名单/非核心地理锚点
童话世界,1,未命中白名单/非核心地理锚点
童话般的家,1,未命中白名单/非核心地理锚点
超阈限空间,1,未命中白名单/非核心地理锚点
小红书自带滤镜,1,未命中白名单/非核心地理锚点
在哈尔滨,1,未命中白名单/非核心地理锚点
小众游玩地,1,未命中白名单/非核心地理锚点
live图氛围感,1,未命中白名单/非核心地理锚点
冬日甜妹穿搭,1,主题词/情绪词
冰雪奇缘现实版,1,未命中白名单/非核心地理锚点
去哪更好玩？,1,未命中白名单/非核心地理锚点
春天开幕式,1,未命中白名单/非核心地理锚点
宝藏粤菜馆,1,未命中白名单/非核心地理锚点
宴会,1,未命中白名单/非核心地理锚点
港风餐厅,1,未命中白名单/非核心地理锚点
融合粤菜料理,1,未命中白名单/非核心地理锚点
哈尔滨粤菜,1,未命中白名单/非核心地理锚点
哈尔滨手工巧克力,1,未命中白名单/非核心地理锚点
哈尔滨黄房子,1,未命中白名单/非核心地理锚点
复古咖啡店,1,未命中白名单/非核心地理锚点
plog,1,未命中白名单/非核心地理锚点
特种兵,1,未命中白名单/非核心地理锚点
香林园,1,未命中白名单/非核心地理锚点
出去玩儿啦,1,未命中白名单/非核心地理锚点
带上家人看世界,1,未命中白名单/非核心地理锚点
inmyfeelings,1,未命中白名单/非核心地理锚点
位置隐匿的小众酒吧,1,未命中白名单/非核心地理锚点
哈尔滨bar,1,未命中白名单/非核心地理锚点
多见面多碰杯,1,未命中白名单/非核心地理锚点
历史的印记,1,未命中白名单/非核心地理锚点
历史的味道,1,未命中白名单/非核心地理锚点
小众目的地通关课,1,未命中白名单/非核心地理锚点
拒绝次抛衣,1,未命中白名单/非核心地理锚点
笑死我了,1,未命中白名单/非核心地理锚点
在博物馆感受一眼万年,1,未命中白名单/非核心地理锚点
带你去逛博物馆,1,未命中白名单/非核心地理锚点
承安宝货银锭,1,未命中白名单/非核心地理锚点
溜娃好地方,1,未命中白名单/非核心地理锚点
爱上逛公园,1,未命中白名单/非核心地理锚点
逛公园,1,未命中白名单/非核心地理锚点
东北自驾游,1,主题词/情绪词
性价比酒店推荐,1,主题词/情绪词
泡温泉,1,未命中白名单/非核心地理锚点
创意文案,1,未命中白名单/非核心地理锚点
文案,1,未命中白名单/非核心地理锚点
文案分享,1,未命中白名单/非核心地理锚点
朋友圈文案,1,未命中白名单/非核心地理锚点
古树,1,未命中白名单/非核心地理锚点
柳树,1,未命中白名单/非核心地理锚点
草坪,1,未命中白名单/非核心地理锚点
哈尔滨自助,1,未命中白名单/非核心地理锚点
日本料理,1,未命中白名单/非核心地理锚点
自助餐餐厅,1,未命中白名单/非核心地理锚点
民宿推荐,1,主题词/情绪词
酒店优惠,1,未命中白名单/非核心地理锚点
博物馆奇遇记,1,未命中白名单/非核心地理锚点
公园踏青赏花,1,未命中白名单/非核心地理锚点
春天仿佛长在了这条路上,1,未命中白名单/非核心地理锚点
浪漫的体验,1,主题词/情绪词
满屏春天愿你一路繁花,1,未命中白名单/非核心地理锚点
烂漫春野一路繁花盛开,1,未命中白名单/非核心地理锚点
踏青赏花正当时,1,未命中白名单/非核心地理锚点
六一儿童节去哪玩,1,未命中白名单/非核心地理锚点
哈尔滨波塞冬,1,未命中白名单/非核心地理锚点
去滑雪去撒欢儿,1,未命中白名单/非核心地理锚点
同程头号玩家,1,未命中白名单/非核心地理锚点
滑滑的世界,1,未命中白名单/非核心地理锚点
打翻仲夏夜的调色盘,1,未命中白名单/非核心地理锚点
花的世界花的海洋,1,未命中白名单/非核心地理锚点
哈尔滨大雪人迎来颜值巅峰期,1,未命中白名单/非核心地理锚点
缆车上的风光,1,未命中白名单/非核心地理锚点
适合亲子游玩的地方,1,主题词/情绪词
东北人的快乐是雪给的,1,主题词/情绪词
东北的大雪,1,主题词/情绪词
冬天总要去看一次雪吧,1,未命中白名单/非核心地理锚点
冬日浪漫,1,主题词/情绪词
咖啡厅,1,未命中白名单/非核心地理锚点
公园咖啡馆,1,未命中白名单/非核心地理锚点
哈尔滨穿啥,1,未命中白名单/非核心地理锚点
暑假去哪玩,1,未命中白名单/非核心地理锚点
美团民宿,1,未命中白名单/非核心地理锚点
美团酒店,1,未命中白名单/非核心地理锚点
东北避暑,1,主题词/情绪词
酒店优惠券,1,未命中白名单/非核心地理锚点
今年冬天总要去趟哈尔滨吧,1,未命中白名单/非核心地理锚点
哈尔滨啤酒节,1,未命中白名单/非核心地理锚点
机建燃油费,1,未命中白名单/非核心地理锚点
机票优惠券,1,未命中白名单/非核心地理锚点
机票免机建燃油,1,未命中白名单/非核心地理锚点
订机票在哪个app比较便宜,1,未命中白名单/非核心地理锚点
走进博物馆,1,未命中白名单/非核心地理锚点
亲子穿搭,1,主题词/情绪词
和女儿的日常,1,未命中白名单/非核心地理锚点
秋日穿搭,1,主题词/情绪词
你好福禄,1,未命中白名单/非核心地理锚点
你好酒店,1,未命中白名单/非核心地理锚点
colorwalking,1,未命中白名单/非核心地理锚点
不费妈遛娃,1,未命中白名单/非核心地理锚点
春日溜娃好去处,1,未命中白名单/非核心地理锚点
喂小鹿,1,未命中白名单/非核心地理锚点
奈良,1,未命中白名单/非核心地理锚点
哈尔滨适合一个人闲逛的地方,1,未命中白名单/非核心地理锚点
随手记录生活的美好,1,未命中白名单/非核心地理锚点
去哪儿补贴天天更新,1,未命中白名单/非核心地理锚点
订酒店用去哪儿好住更低价,1,未命中白名单/非核心地理锚点
618酒店囤货,1,未命中白名单/非核心地理锚点
万达酒店,1,未命中白名单/非核心地理锚点
哈尔滨富力万达嘉华酒店,1,未命中白名单/非核心地理锚点
镇馆之宝,1,未命中白名单/非核心地理锚点
一票畅玩,1,未命中白名单/非核心地理锚点
五一遛娃,1,未命中白名单/非核心地理锚点
亲子游玩,1,主题词/情绪词
哈尔滨带娃去哪玩,1,未命中白名单/非核心地理锚点
哈尔滨游乐场,1,未命中白名单/非核心地理锚点
室内游乐场,1,未命中白名单/非核心地理锚点
东北菜天花板,1,主题词/情绪词
老善溜肉段,1,未命中白名单/非核心地理锚点
5s,1,未命中白名单/非核心地理锚点
哈尔滨丁香花,1,未命中白名单/非核心地理锚点
芝麻芝士,1,未命中白名单/非核心地理锚点
哈尔滨地图,1,未命中白名单/非核心地理锚点
国庆不宅家,1,未命中白名单/非核心地理锚点
低价酒店技巧,1,未命中白名单/非核心地理锚点
美团火车,1,未命中白名单/非核心地理锚点
美团酒店请打工人去度假,1,未命中白名单/非核心地理锚点
我的300个人生酒店,1,未命中白名单/非核心地理锚点
求问,1,未命中白名单/非核心地理锚点
外国人眼里的中国游,1,未命中白名单/非核心地理锚点
马来西亚去哈尔滨,1,未命中白名单/非核心地理锚点
哈尔滨避暑圣地,1,未命中白名单/非核心地理锚点
出境游,1,未命中白名单/非核心地理锚点
同程国际机票,1,未命中白名单/非核心地理锚点
国庆,1,未命中白名单/非核心地理锚点
海参崴,1,未命中白名单/非核心地理锚点
特价国际机票,1,未命中白名单/非核心地理锚点
符拉迪沃斯托克,1,未命中白名单/非核心地理锚点
东北亲子游,1,主题词/情绪词
超适合放空自己的宝藏地方,1,未命中白名单/非核心地理锚点
群力新区,1,未命中白名单/非核心地理锚点
live图比照片更有生命力,1,未命中白名单/非核心地理锚点
冰滑梯,1,未命中白名单/非核心地理锚点
这才是live图的意义,1,未命中白名单/非核心地理锚点
舍夫沙万,1,未命中白名单/非核心地理锚点
抬头看艺术,1,未命中白名单/非核心地理锚点
休闲,1,未命中白名单/非核心地理锚点
温泉,1,未命中白名单/非核心地理锚点
澡堂,1,未命中白名单/非核心地理锚点
舌尖上的小城,1,未命中白名单/非核心地理锚点
波波夫的集合店,1,主题词/情绪词
巫妖王空降哈尔滨,1,未命中白名单/非核心地理锚点
江上城堡索道,1,未命中白名单/非核心地理锚点
超出片环境,1,未命中白名单/非核心地理锚点
住进童话里,1,未命中白名单/非核心地理锚点
城堡,1,未命中白名单/非核心地理锚点
哈尔滨约会圣地,1,未命中白名单/非核心地理锚点
城市浪漫地标,1,主题词/情绪词
城市老建筑,1,未命中白名单/非核心地理锚点
游乐场,1,未命中白名单/非核心地理锚点
永远相信童话,1,未命中白名单/非核心地理锚点
人夫感,1,未命中白名单/非核心地理锚点
叔味,1,未命中白名单/非核心地理锚点
哈尔滨青年旅舍,1,未命中白名单/非核心地理锚点
哈尔滨青旅,1,未命中白名单/非核心地理锚点
换个地方睡觉,1,未命中白名单/非核心地理锚点
介绍一个小叔叔,1,未命中白名单/非核心地理锚点
黄导高品质纯玩团,1,未命中白名单/非核心地理锚点
晚霞,1,未命中白名单/非核心地理锚点
盛夏,1,未命中白名单/非核心地理锚点
电梯间广告,1,未命中白名单/非核心地理锚点
小红书,1,未命中白名单/非核心地理锚点
哈尔滨夜场,1,未命中白名单/非核心地理锚点
夜生活好去处,1,未命中白名单/非核心地理锚点
lalaland,1,未命中白名单/非核心地理锚点
和大自然亲密接觖,1,未命中白名单/非核心地理锚点
哈尔滨好美,1,未命中白名单/非核心地理锚点
夏天去哪玩,1,未命中白名单/非核心地理锚点
龙凤湿地,1,未命中白名单/非核心地理锚点
哈尔滨太美了,1,未命中白名单/非核心地理锚点
这家店我从小吃到大,1,未命中白名单/非核心地理锚点
哈尔滨道外,1,未命中白名单/非核心地理锚点
上班摸鱼,1,未命中白名单/非核心地理锚点
哈尔滨周边玩,1,未命中白名单/非核心地理锚点
俄式风情,1,未命中白名单/非核心地理锚点
哈尔滨周边,1,未命中白名单/非核心地理锚点
小红书问答,1,未命中白名单/非核心地理锚点
00:15,1,未命中白名单/非核心地理锚点
宝藏烧烤店,1,未命中白名单/非核心地理锚点
哈尔滨冰雪嘉年华,1,未命中白名单/非核心地理锚点
